"movie_odid","display_name","franchise"
"20100","The Dark Knight","Batman"
"20100","The Dark Knight","Dark Knight Trilogy"
"30100","Star Wars Ep. IV: A New Hope","Star Wars"
"40100","Shrek 2","Shrek"
"60100","Star Wars Ep. I: The Phantom Menace","Star Wars"
"70100","Pirates of the Caribbean: Dead Man’s Chest","Pirates of the Caribbean"
"80100","Spider-Man","Spider-Man"
"90100","Transformers: Revenge of the Fallen","Transformers"
"100100","Star Wars Ep. III: Revenge of the Sith","Star Wars"
"110100","The Lord of the Rings: The Return of the King","Peter Jackson's Lord of the Rings"
"120100","Spider-Man 2","Spider-Man"
"140100","Jurassic Park","Jurassic Park"
"150100","The Lord of the Rings: The Two Towers","Peter Jackson's Lord of the Rings"
"160100","Finding Nemo","Finding Nemo"
"170100","Spider-Man 3","Spider-Man"
"190100","The Lion King","The Lion King"
"200100","Shrek the Third","Shrek"
"210100","Transformers","Transformers"
"220100","Iron Man","Iron Man"
"220100","Iron Man","Marvel Cinematic Universe"
"230100","Harry Potter and the Sorcerer’s Stone","Harry Potter"
"240100","Indiana Jones and the Kingdom of the Crystal Skull","Indiana Jones"
"250100","The Lord of the Rings: The Fellowship of the Ring","Peter Jackson's Lord of the Rings"
"260100","Star Wars Ep. II: Attack of the Clones","Star Wars"
"270100","Pirates of the Caribbean: At World’s End","Pirates of the Caribbean"
"280100","Star Wars Ep. VI: Return of the Jedi","Star Wars"
"300100","Pirates of the Caribbean: The Curse of the Black Pearl","Pirates of the Caribbean"
"310100","Harry Potter and the Half-Blood Prince","Harry Potter"
"330100","Harry Potter and the Order of the Phoenix","Harry Potter"
"350100","The Chronicles of Narnia: The Lion, the Witch and the Wardrobe","Chronicles of Narnia"
"360100","Star Wars Ep. V: The Empire Strikes Back","Star Wars"
"370100","Harry Potter and the Goblet of Fire","Harry Potter"
"380100","Home Alone","Home Alone"
"390100","The Matrix Reloaded","Matrix"
"400100","Meet the Fockers","Meet the Parents"
"410100","The Hangover","Hangover"
"420100","Shrek","Shrek"
"430100","Harry Potter and the Chamber of Secrets","Harry Potter"
"440100","The Incredibles","The Incredibles"
"460100","Jaws","Jaws"
"470100","Star Trek","Star Trek"
"490100","Monsters, Inc.","Monsters, Inc."
"500100","Batman","Batman"
"510100","Night at the Museum","Night at the Museum"
"520100","Men in Black","Men in Black"
"530100","Harry Potter and the Prisoner of Azkaban","Harry Potter"
"540100","Toy Story 2","Toy Story"
"550100","Raiders of the Lost Ark","Indiana Jones"
"560100","Cars","Cars"
"570100","Bruce Almighty","Bruce Almighty"
"590100","My Big Fat Greek Wedding","My Big Fat Greek Wedding"
"600100","Ghostbusters","Ghostbusters"
"610100","Beverly Hills Cop","Beverly Hills Cop"
"620100","X-Men: The Last Stand","X-Men"
"650100","The Lost World: Jurassic Park","Jurassic Park"
"670100","Hancock","Hancock"
"680100","The Bourne Ultimatum","Bourne"
"690100","Rush Hour 2","Rush Hour"
"710100","National Treasure: Book of Secrets","National Treasure"
"730100","King Kong","King Kong"
"750100","The Da Vinci Code","Da Vinci Code"
"770100","Alvin and the Chipmunks","Alvin and the Chipmunks"
"790100","Kung Fu Panda","Kung Fu Panda"
"800100","Mission: Impossible 2","Mission: Impossible"
"810100","X-Men 2","X-Men"
"820100","Austin Powers in Goldmember","Austin Powers"
"840100","Back to the Future","Back to the Future"
"880100","Austin Powers: The Spy Who Shagged Me","Austin Powers"
"890100","Batman Begins","Batman"
"890100","Batman Begins","Dark Knight Trilogy"
"900100","Terminator 2: Judgment Day","Terminator"
"910100","The Exorcist","Exorcist"
"920100","The Mummy Returns","Mummy"
"940100","Superman Returns","Superman"
"990100","Indiana Jones and the Last Crusade","Indiana Jones"
"1000100","Ice Age: The Meltdown","Ice Age"
"1010100","Ice Age: Dawn of the Dinosaurs","Ice Age"
"1020100","Madagascar","Madagascar"
"1030100","Toy Story","Toy Story"
"1040100","Twilight","Twilight"
"1050100","Men in Black 2","Men in Black"
"1110100","Batman Forever","Batman"
"1130100","Ocean's Eleven","Ocean's Eleven"
"1170100","Grease","Grease"
"1190100","Jurassic Park III","Jurassic Park"
"1220100","Planet of the Apes","Planet of the Apes"
"1230100","Madagascar: Escape 2 Africa","Madagascar"
"1240100","Indiana Jones and the Temple of Doom","Indiana Jones"
"1250100","X-Men Origins: Wolverine","X-Men"
"1250100","X-Men Origins: Wolverine","Wolverine"
"1290100","Night at the Museum: Battle of the Smithsonian","Night at the Museum"
"1300100","Top Gun","Top Gun"
"1320100","Ice Age","Ice Age"
"1330100","The Bourne Supremacy","Bourne"
"1350100","Home Alone 2: Lost in New York","Home Alone"
"1360100","Elf","Elf"
"1370100","National Treasure","National Treasure"
"1410100","The Matrix","Matrix"
"1420100","Beauty and the Beast","Beauty and the Beast"
"1460100","Quantum of Solace","James Bond"
"1490100","Casino Royale","James Bond"
"1500100","Meet the Parents","Meet the Parents"
"1530100","Hannibal","Hannibal Lecter"
"1570100","Batman Returns","Batman"
"1620100","Die Another Day","James Bond"
"1670100","X-Men","X-Men"
"1680100","Scary Movie","Scary Movie"
"1710100","The Mummy","Mummy"
"1720100","Fast & Furious","Fast and the Furious"
"1740100","Fantastic Four","Fantastic Four"
"1790100","Scooby-Doo","Scooby-Doo"
"1810100","Sex and the City","Sex and the City"
"1840100","Terminator 3: Rise of the Machines","Terminator"
"1880100","Gremlins","Gremlins"
"1910100","G.I. Joe: The Rise of Cobra","G.I. Joe"
"1920100","Paul Blart: Mall Cop","Paul Blart: Mall Cop"
"1940100","Lilo & Stitch","Lilo and Stitch"
"1960100","Taken","Taken"
"1970100","The Santa Clause","Santa Clause"
"2000100","The Fast and the Furious","Fast and the Furious"
"2010100","Doctor Dolittle","Doctor Dolittle"
"2020100","Mamma Mia!","Mamma Mia"
"2050100","xXx","xXx"
"2070100","The Chronicles of Narnia: Prince Caspian","Chronicles of Narnia"
"2120100","Rush Hour","Rush Hour"
"2130100","The Blair Witch Project","Blair Witch Project"
"2150100","Rush Hour 3","Rush Hour"
"2170100","Stuart Little","Stuart Little"
"2200100","Saturday Night Fever","Saturday Night Fever"
"2210100","The Matrix Revolutions","Matrix"
"2220100","The Santa Clause 2","Santa Clause"
"2230100","Cheaper by the Dozen","Cheaper by the Dozen"
"2240100","Bad Boys II","Bad Boys"
"2310100","Godzilla","Godzilla"
"2320100","101 Dalmatians","101 Dalmatians"
"2350100","Teenage Mutant Ninja Turtles","Teenage Mutant Ninja Turtles"
"2370100","The Godfather","Godfather"
"2380100","The Incredible Hulk","Hulk"
"2380100","The Incredible Hulk","Marvel Cinematic Universe"
"2390100","Live Free or Die Hard","Die Hard"
"2410100","Superman","Superman"
"2430100","Mission: Impossible III","Mission: Impossible"
"2440100","Angels & Demons","Da Vinci Code"
"2480100","Hulk","Hulk"
"2500100","Fantastic Four: Rise of the Silver Surfer","Fantastic Four"
"2510100","Lara Croft: Tomb Raider","Lara Croft"
"2520100","The Silence of the Lambs","Hannibal Lecter"
"2530100","Honey, I Shrunk the Kids","Honey I Shrunk the Kids"
"2550100","Lethal Weapon 4","Lethal Weapon"
"2600100","The Ring","Ring"
"2650100","Crouching Tiger, Hidden Dragon","Crouching Tiger, Hidden Dragon"
"2660100","Rocky IV","Rocky"
"2700100","Dumb & Dumber","Dumb and Dumber"
"2720100","The World is Not Enough","James Bond"
"2810100","Ocean's Twelve","Ocean's Eleven"
"2820100","Terminator Salvation","Terminator"
"2830100","Charlie's Angels","Charlie's Angels"
"2840100","Tomorrow Never Dies","James Bond"
"2850100","Rocky III","Rocky"
"2900100","City Slickers","City Slickers"
"2920100","Nutty Professor II: The Klumps","Nutty Professor"
"2950100","Wayne's World","Wayne's World"
"2960100","The Bourne Identity","Bourne"
"2980100","Speed","Speed"
"3000100","The Hunt for Red October","Jack Ryan"
"3010100","Mulan","Mulan"
"3050100","The Mask","Mask"
"3170100","The Sum of All Fears","Jack Ryan"
"3180100","Back to the Future Part II","Back to the Future"
"3200100","Big Momma's House","Big Momma's House"
"3210100","Die Hard 2","Die Hard"
"3220100","Rocky","Rocky"
"3240100","Ocean's Thirteen","Ocean's Eleven"
"3310100","Ghost Rider","Ghost Rider"
"3340100","American Graffiti","American Graffiti"
"3430100","Dr. Dolittle 2","Doctor Dolittle"
"3440100","Spy Kids","Spy Kids"
"3490100","Spy Kids 3-D: Game Over","Spy Kids"
"3530100","The Little Mermaid","The Little Mermaid"
"3570100","The Grudge","Grudge"
"3600100","Scary Movie 3","Scary Movie"
"3700100","The Princess Diaries","Princess Diaries"
"3760100","Analyze This","Analyze This"
"3770100","Miss Congeniality","Miss Congeniality"
"3810100","Goldeneye","James Bond"
"3840100","The Italian Job","Italian Job"
"3910100","American Wedding","American Pie"
"3930100","Daddy Day Care","Daddy Day Care"
"3980100","Scream","Scream"
"4040100","The Mummy: Tomb of the Dragon Emperor","Mummy"
"4050100","Butch Cassidy and the Sundance Kid","Butch Cassidy and the Sundance Kid"
"4060100","Mary Poppins","Mary Poppins"
"4080100","American Pie","American Pie"
"4090100","Journey to the Center of the Earth","Journey to the Center of the Earth"
"4150100","Scream 2","Scream"
"4230100","Charlie's Angels: Full Throttle","Charlie's Angels"
"4260100","The Rugrats Movie","Rugrats Movie"
"4300100","Jumanji","Jumanji"
"4330100","Evan Almighty","Bruce Almighty"
"4350100","The Hunchback of Notre Dame","The Hunchback of Notre Dame"
"4480100","Legally Blonde","Legally Blonde"
"4550100","The Princess Diaries 2: Royal Engagement","Princess Diaries"
"4560100","Unbreakable","Unbreakable"
"4580100","Beverly Hills Chihuahua","Beverly Hills Chihuahua"
"4620100","The Mask of Zorro","Zorro"
"4670100","Cats & Dogs","Cats and Dogs"
"4710100","Red Dragon","Hannibal Lecter"
"4740100","Star Trek: First Contact","Star Trek"
"4800100","Save the Last Dance","Save the Last Dance"
"4810100","The Karate Kid","Karate Kid"
"4830100","Scary Movie 4","Scary Movie"
"4850100","Legally Blonde 2: Red, White & Blonde","Legally Blonde"
"4860100","The Scorpion King","Mummy"
"4860100","The Scorpion King","Scorpion King"
"4880100","High School Musical 3: Senior Year","High School Musical"
"4890100","Madea Goes To Jail","Madea"
"4910100","Space Jam","Space Jam"
"4990100","Scream 3","Scream"
"5020100","Inside Man","Inside Man"
"5090100","Back to the Future Part III","Back to the Future"
"5130100","Saw II","Saw"
"5190100","Mean Girls","Mean Girls"
"5200100","Spy Kids 2: The Island of Lost Dreams","Spy Kids"
"5210100","Pokemon: The First Movie","Pokemon"
"5220100","SpongeBob SquarePants: The Movie","SpongeBob SquarePants"
"5230100","Brother Bear","Brother Bear"
"5250100","Rocky 2","Rocky"
"5260100","Aliens","Alien"
"5270100","Open Season","Open Season"
"5280100","Cinderella","Cinderella"
"5300100","The Santa Clause 3: The Escape Clause","Santa Clause"
"5320100","Scooby-Doo 2: Monsters Unleashed","Scooby-Doo"
"5330100","Anchorman: The Legend of Ron Burgundy","Anchorman"
"5360100","The X Files: Fight the Future","X-Files"
"5400100","Airplane!","Airplane"
"5420100","Fantasia","Fantasia"
"5510100","Freddy vs. Jason","Friday the 13th"
"5510100","Freddy vs. Jason","Nightmare on Elm Street"
"5530100","Cheaper by the Dozen 2","Cheaper by the Dozen"
"5570100","The Pink Panther","Pink Panther"
"5590100","Blade 2","Blade"
"5640100","Die Hard","Die Hard"
"5650100","The Talented Mr. Ripley","Ripley"
"5750100","Alien","Alien"
"5780100","The Texas Chainsaw Massacre","Texas Chainsaw Massacre"
"5800100","AVP: Alien Vs. Predator","Alien"
"5800100","AVP: Alien Vs. Predator","Predator"
"5800100","AVP: Alien Vs. Predator","AVP"
"5820100","The Dukes of Hazzard","Dukes of Hazzard"
"5840100","Saw III","Saw"
"5870100","Jumper","Jumper"
"5880100","Cloverfield","Cloverfield"
"6190100","Rugrats in Paris","Rugrats Movie"
"6210100","The Untouchables","Untouchables"
"6260100","Hellboy II: The Golden Army","Hellboy"
"6280100","The Ring Two","Ring"
"6320100","Barbershop","Barbershop"
"6390100","Garfield: The Movie","Garfield"
"6420100","Old School","Old School"
"6540100","Sin City","Sin City"
"6590100","Deep Blue Sea","Deep Blue Sea"
"6660100","Jackass: Number Two","Jackass"
"6700100","I Know What You Did Last Summer","I Know What You Did Last Summer"
"6830100","Bridget Jones's Diary","Bridget Jones"
"6860100","National Lampoon's Christmas Vacation","National Lampoon's Vacation"
"6880100","Scary Movie 2","Scary Movie"
"7010100","Shaft","Shaft"
"7020100","Moonraker","James Bond"
"7040100","Rocky Balboa","Rocky"
"7060100","Star Trek: Insurrection","Star Trek"
"7080100","Big Momma's House 2","Big Momma's House"
"7090100","Blade","Blade"
"7110100","The Golden Compass","His Dark Materials"
"7120100","Kill Bill: Volume 1","Kill Bill"
"7220100","The Thomas Crown Affair","Thomas Crown Affair"
"7280100","Road Trip","Road Trip"
"7300100","Purple Rain","Purple Rain"
"7310100","Bring it On","Bring It On"
"7360100","Octopussy","James Bond"
"7590100","The Godfather: Part III","Godfather"
"7660100","Kill Bill: Volume 2","Kill Bill"
"7680100","Herbie: Fully Loaded","Herbie"
"7720100","Lara Croft: Tomb Raider: The Cradle of Life","Lara Croft"
"7740100","Anaconda","Anaconda"
"7750100","Deuce Bigalow: Male Gigolo","Deuce Bigelow"
"7780100","Step Up","Step Up"
"7800100","The Amityville Horror","Amityville"
"7820100","Barbershop 2: Back in Business","Barbershop"
"7850100","Friday the 13th","Friday the 13th"
"7880100","Stuart Little 2","Stuart Little"
"7960100","Jackass: The Movie","Jackass"
"8030100","Dirty Dancing","Dirty Dancing"
"8100100","Babe","Babe"
"8110100","Thunderball","James Bond"
"8190100","Saw IV","Saw"
"8220100","Madea's Family Reunion","Madea"
"8230100","The Final Destination","Final Destination"
"8280100","Jarhead","Jarhead "
"8290100","The Fast and the Furious: Tokyo Drift","Fast and the Furious"
"8340100","Underworld: Evolution","Underworld"
"8410100","Stomp the Yard","Stomp the Yard"
"8550100","Jingle All the Way","Jingle All the Way"
"8590100","Shanghai Knights","Shanghai Noon"
"8650100","Bad Santa","Bad Santa"
"8740100","The Benchwarmers","Benchwarmers"
"8750100","Predator","Predator"
"8760100","Hellboy","Hellboy"
"8870100","Behind Enemy Lines","Behind Enemy Lines"
"8900100","Curious George","Curious George"
"8990100","Halloween","Halloween"
"9020100","Without a Paddle","Without a Paddle"
"9040100","Step Up 2 the Streets","Step Up"
"9060100","The Butterfly Effect","Butterfly Effect"
"9090100","U.S. Marshals","Fugitive"
"9110100","The Chronicles of Riddick","Riddick"
"9170100","Moulin Rouge","The Red Curtain Trilogy"
"9230100","The Whole Nine Yards","Whole Nine Yards"
"9240100","The Blues Brothers","Blues Brothers"
"9250100","Next Friday","Friday"
"9340100","Beethoven","Beethoven"
"9360100","Shanghai Noon","Shanghai Noon"
"9370100","Saw V","Saw"
"9480100","Once Upon a Time in Mexico","El Mariachi"
"9510100","White Noise","White Noise"
"9550100","Wallace & Gromit: The Curse of the Were-Rabbit","Wallace and Gromit"
"9580100","Be Cool","Get Shorty"
"9640100","Never Say Never Again","James Bond"
"9680100","The Haunting in Connecticut","Haunting in Connecticut"
"9700100","Why Did I Get Married?","Why Did I Get Married"
"9710100","Saw","Saw"
"9730100","Halloween: H2O","Halloween"
"9780100","Alien 3","Alien"
"9790100","For Your Eyes Only","James Bond"
"9800100","Starship Troopers","Starship Troopers"
"9870100","TMNT","Teenage Mutant Ninja Turtles"
"9880100","Final Destination 3","Final Destination"
"9920100","Austin Powers: International Man of Mystery","Austin Powers"
"10080100","Final Destination","Final Destination"
"10290100","The Strangers","The Strangers"
"10300100","Blade: Trinity","Blade"
"10430100","Underworld","Underworld"
"10490100","Finding Neverland","Peter Pan"
"10520100","A Cinderella Story","A Cinderella Story"
"10560100","Hoodwinked","Hoodwinked"
"10620100","The Living Daylights","James Bond"
"10640100","Goldfinger","James Bond"
"10800100","Resident Evil: Apocalypse","Resident Evil"
"10840100","Resident Evil: Extinction","Resident Evil"
"10850100","The Crow","Crow"
"10890100","The Love Bug","Herbie"
"10930100","Diary of a Mad Black Woman","Madea"
"10940100","A View to a Kill","James Bond"
"11340100","The Omen","Omen"
"11360100","Miss Congeniality 2: Armed and Fabulous","Miss Congeniality"
"11370100","Peter Pan: Return to Neverland","Peter Pan"
"11380100","Peter Pan","Peter Pan"
"11470100","Speed 2: Cruise Control","Speed"
"11570100","The Jungle Book 2","Jungle Book"
"11610100","Big Fat Liar","Big Fat Liar"
"11620100","Alien: Resurrection","Alien"
"11670100","Agent Cody Banks","Agent Cody Banks"
"11730100","Hostel","Hostel"
"11750100","Nanny McPhee","Nanny McPhee"
"11760100","First Blood","Rambo"
"11800100","Halloween","Halloween"
"11810100","Silent Hill","Silent Hill"
"11840100","Final Destination 2","Final Destination"
"11870100","The Spy Who Loved Me","James Bond"
"11880100","Boogeyman","Boogeyman"
"12000100","Romeo+Juliet","The Red Curtain Trilogy"
"12140100","Underworld 3: Rise of the Lycans","Underworld"
"12190100","The Legend of Zorro","Zorro"
"12240100","Bean","Bean"
"12270100","Zoolander","Zoolander"
"12280100","28 Days Later…","28 Days Later"
"12560100","The Sisterhood of the Traveling Pants 2","Sisterhood of the Traveling Pants"
"12580100","The Shining","The Shining"
"12670100","Diamonds Are Forever","James Bond"
"12700100","Pokemon 2000","Pokemon"
"12760100","Soul Food","Soul Food"
"12800100","Star Trek: Nemesis","Star Trek"
"12860100","You Only Live Twice","James Bond"
"12870100","The Transporter 2","Transporter"
"12970100","Rambo","Rambo"
"13320100","Exorcist: The Beginning","Exorcist"
"13340100","Aliens vs. Predator - Requiem","AVP"
"13340100","Aliens vs. Predator - Requiem","Predator"
"13340100","Aliens vs. Predator - Requiem","Alien"
"13350100","The Hills Have Eyes","Hills Have Eyes"
"13680100","House on Haunted Hill","House on Haunted Hill"
"13900100","Bridget Jones: The Edge Of Reason","Bridget Jones"
"13910100","Catwoman","Batman"
"13990100","You Got Served","You Got Served"
"14040100","I Still Know What You Did Last Summer","I Know What You Did Last Summer"
"14060100","Bill & Ted’s Excellent Adventure","Bill & Ted"
"14080100","Caddyshack","Caddyshack"
"14090100","I Can Do Bad All By Myself","Madea"
"14110100","Friday the 13th","Friday the 13th"
"14150100","Hitman","Hitman: Agent 47"
"14190100","Resident Evil","Resident Evil"
"14200100","The Texas Chainsaw Massacre: The Beginning","Texas Chainsaw Massacre"
"14230100","Rugrats Go Wild","Rugrats Movie"
"14320100","Pitch Black","Riddick"
"14360100","The Grudge 2","Grudge"
"14390100","The Sisterhood of the Traveling Pants","Sisterhood of the Traveling Pants"
"14750100","Urban Legend","Urban Legend"
"14760100","Harold & Kumar Escape from Guantanamo Bay","Harold & Kumar"
"14790100","The Terminator","Terminator"
"14870100","Jeepers Creepers","Jeepers Creepers"
"15060100","The Fly","Fly"
"15080100","Bill & Ted's Bogus Journey","Bill & Ted"
"15570100","Vegas Vacation","National Lampoon's Vacation"
"15570100","Vegas Vacation","National Lampoon"
"15620100","Death Race","Death Race"
"15810100","Mortal Kombat: Annihilation","Mortal Kombat"
"15820100","The Pink Panther 2","Pink Panther"
"15940100","Jeepers Creepers 2","Jeepers Creepers"
"15990100","Cloudy with a Chance of Meatballs","Cloudy with a Chance of Meatballs"
"16010100","Live and Let Die","James Bond"
"16090100","The Flintstones in Viva Rock Vegas","Flintstones"
"16150100","Star Wars: The Clone Wars","Star Wars"
"16380100","Licence to Kill","James Bond"
"16660100","The Best Man","The Best Man"
"16810100","The Punisher","Punisher"
"16970100","Planet of the Apes","Planet of the Apes"
"17000100","Mr. Bean’s Holiday","Bean"
"17040100","Friday After Next","Friday"
"17140100","Dracula 2000","Dracula 2000"
"17200100","Friday the 13th Part IV: The Final Chapter","Friday the 13th"
"17260100","The Bad News Bears","Bad News Bears"
"17390100","Blade Runner","Blade Runner"
"17530100","Bride of Chucky","Child's Play"
"17600100","The Lost Boys","Lost Boys"
"17630100","Analyze That","Analyze This"
"17770100","Psycho","Psycho"
"17790100","An American Werewolf in London","American Werewolf"
"17880100","Lake Placid","Lake Placid"
"17930100","Transporter 3","Transporter"
"17940100","Quarantine","Quarantine"
"18060100","Anacondas: The Hunt for the Blood Orchid","Anaconda"
"18100100","Halloween 2","Halloween"
"18240100","Johnson Family Vacation","Johnson Family"
"18430100","Home Alone III","Home Alone"
"18460100","Dogma","View Askewniverse"
"18520100","Open Water","Open Water"
"18610100","Honey","Honey"
"18620100","Halloween: Resurrection","Halloween"
"18680100","The Art of War","The Art of War"
"18730100","Space Chimps","Space Chimps"
"18750100","Elizabeth","Elizabeth"
"18790100","Jay and Silent Bob Strike Back","View Askewniverse"
"18980100","Wild Things","Wild Things"
"19300100","The Guns of Navarone","Guns of Navarone"
"19560100","Garfield: A Tail of Two Kitties","Garfield"
"19770100","Zathura","Jumanji"
"19780100","Johnny English","Johnny English"
"19850100","Crank","Crank"
"19920100","Hannibal Rising","Hannibal Lecter"
"20080100","The Muppet Christmas Carol","Muppets"
"20130100","Baby Geniuses","Baby Geniuses"
"20180100","Joe Dirt","Joe Dirt"
"20330100","XXX: State of the Union","xXx"
"20480100","The Texas Chainsaw Massacre","Texas Chainsaw Massacre"
"20490100","An American Werewolf in Paris","American Werewolf"
"20560100","Book of Shadows: Blair Witch 2","Blair Witch Project"
"20700100","Dumb and Dumberer: When Harry Met Lloyd","Dumb and Dumber"
"20730100","The Wizard of Oz","Wizard of Oz"
"20900100","Carrie","Carrie"
"21060100","Crocodile Dundee in Los Angeles","Crocodile Dundee"
"21090100","Jonah: A VeggieTales Movie","VeggieTales"
"21100100","Candyman","Candyman"
"21190100","Mimic","Mimic"
"21200100","A Nightmare on Elm Street","Nightmare on Elm Street"
"21350100","The Transporter","Transporter"
"21390100","Escape from New York","Escape from New York"
"21690100","Never Back Down","Never Back Down"
"21710100","From Russia With Love","James Bond"
"21820100","Air Bud","Air Bud"
"21840100","Mad Max 2: The Road Warrior","Mad Max"
"22140100","Clerks II","Clerks"
"22140100","Clerks II","View Askewniverse"
"22150100","An Inconvenient Truth","An Inconvenient Truth"
"22230100","Around the World in 80 Days","Around the World in 80 Days"
"22440100","Hot Fuzz","Three Flavours Cornetto Trilogy"
"22730100","Chinatown","Chinatown"
"22760100","Piglet's Big Movie","Winnie the Pooh"
"22890100","D3: The Mighty Ducks","Mighty Ducks"
"22990100","On Her Majesty's Secret Service","James Bond"
"23060100","Casino Royale","James Bond"
"23370100","Deuce Bigalow: European Gigolo","Deuce Bigelow"
"23640100","Joy Ride","Joy Ride"
"24000100","Urban Legends: Final Cut","Urban Legend"
"24110100","Die Unendliche Geschichte","NeverEnding Story"
"24280100","Cabin Fever","Cabin Fever"
"24430100","National Lampoon’s Van Wilder","Van Wilder"
"24430100","National Lampoon’s Van Wilder","National Lampoon"
"24440100","Flicka","Flicka"
"24500100","The X-Files: I Want to Believe","X-Files"
"24580100","The Hills Have Eyes II","Hills Have Eyes"
"24650100","George A. Romero's Land of the Dead","George A. Romero's Dead Series"
"24970100","Pulse","Pulse"
"25280100","Life of Brian","Monty Python"
"25970100","Species 2","Species"
"26110100","Vacancy","Vacancy"
"26270100","The Odd Couple II","Odd Couple"
"26360100","The Marine","The Marine"
"26680100","Super Troopers","Super Troopers"
"26760100","Babe: Pig in the City","Babe"
"26870100","Harold & Kumar Go to White Castle","Harold & Kumar"
"26970100","Pooh's Heffalump Movie","Winnie the Pooh"
"27250100","The Rage: Carrie 2","Carrie"
"27330100","Kit Kittredge: An American Girl","American Girl"
"27470100","Hostel: Part II","Hostel"
"27560100","The Big Lebowski","Big Lebowski"
"27850100","Center Stage","Center Stage"
"28050100","Pokemon 3: The Movie","Pokemon"
"28060100","The Devil's Rejects","House of 1,000 Corpses"
"28080100","Son of the Mask","Mask"
"28090100","Seed of Chucky","Child's Play"
"28620100","Trainspotting","Trainspotting"
"28780100","The Whole Ten Yards","Whole Nine Yards"
"28830100","Muppets From Space","Muppets"
"28880100","Elizabeth: The Golden Age","Elizabeth"
"28970100","Wolf Creek","Wolf Creek"
"29050100","Waiting...","Waiting"
"29150100","Dr. No","James Bond"
"29460100","Happily N'Ever After","Happily N'Ever After"
"29610100","Cirque du Soleil - Journey of Man","Cirque du Soleil"
"29890100","Wrong Turn","Wrong Turn"
"30080100","Dungeons and Dragons","Dungeons & Dragons"
"30130100","Arthur et les Minimoys","Arthur and the Minimoys"
"30250100","See No Evil","See No Evil"
"30820100","Hellraiser","Hellraiser"
"31400100","Dirty Dancing Havana Nights","Dirty Dancing"
"31460100","Blues Brothers 2000","Blues Brothers"
"31660100","Un homme et une femme","Un homme et une femme"
"31920100","The Thing","The Thing"
"32100100","Crank 2: High Voltage","Crank"
"32210100","Shaun of the Dead","Three Flavours Cornetto Trilogy"
"32280100","The Haunting of Molly Hartley","Molly Hartley"
"32540100","Daddy Day Camp","Daddy Day Care"
"32650100","Jason X","Friday the 13th"
"33030100","The Pirates Who Don't Do Anything: A VeggieTales Movie","VeggieTales"
"33150100","Gods and Generals","Gettysburg"
"33240100","Highlander: Endgame","Highlander"
"33320100","The Evening Star","Terms of Endearment"
"33450100","House of 1,000 Corpses","House of 1,000 Corpses"
"33470100","The Omega Code","Omega Code"
"33750100","Undisputed","Undisputed"
"34150100","Tom yum goong","Tom yum goong"
"34190100","Chasing Amy","View Askewniverse"
"34290100","Night of the Living Dead","George A. Romero's Dead Series"
"34650100","Strictly Ballroom","The Red Curtain Trilogy"
"35900100","What the #$'! Do We Know","What the Bleep"
"36510100","Universal Soldier II: The Return","Universal Soldier"
"37200100","Godzilla 2000","Godzilla"
"37290100","Bratz","Bratz"
"37570100","King Kong","King Kong"
"37970100","Belly","Belly"
"38370100","Hable con ella","Viva Pedro Box"
"38390100","Fierce Creatures","A Fish Called Wanda"
"38580100","Street Fighter: The Legend of Chun-Li","Street Fighter"
"38630100","Superbabies: Baby Geniuses 2","Baby Geniuses"
"38640100","Fantasia 2000 (Theatrical Release)","Fantasia"
"39260100","Mad Max","Mad Max"
"39970100","Todo sobre mi madre","Viva Pedro Box"
"40290100","Punisher: War Zone","Punisher"
"41060100","The Collector","The Collector"
"41240100","Cidade de Deus","City of God"
"41590100","The Condemned","The Condemned"
"42500100","Buena Vista Social Club","Buena Vista Social Club"
"44090100","Il buono, il brutto, il cattivo","Dollar Trilogy"
"44180100","Megiddo: Omega Code 2","Omega Code"
"44610100","Les Boys II","Les Boys"
"44650100","Basic Instinct 2","Basic Instinct"
"44680100","Evil Dead II","Evil Dead"
"44710100","Highlander","Highlander"
"44960100","Before Sunset","Before Sunrise"
"45410100","Batman: Mask of the Phantasm","Batman"
"45530100","Water","Fire Earth Water"
"45930100","Before Sunrise","Before Sunrise"
"46050100","La mala educación","Viva Pedro Box"
"46270100","Dawn of the Dead","George A. Romero's Dead Series"
"46890100","Paris, je t'aime","Cities of Love"
"47080100","In the Name of the King: A Dungeon Siege Tale","In The Name of the King"
"47460100","Les Boys","Les Boys"
"47610100","Ong-Bak","Ong-Bak"
"47630100","The Tigger Movie","Winnie the Pooh"
"48380100","Goal! The Dream Begins","Goal"
"48430100","Van Wilder Deux: The Rise of Taj","Van Wilder"
"48430100","Van Wilder Deux: The Rise of Taj","National Lampoon"
"48500100","Left Behind","Left Behind"
"49000100","Trois couleurs: Rouge","Trois Couleurs"
"49030100","Belle de Jour","Belle de Jour"
"49090100","Ladron que roba a ladron","Ladron que roba a ladron"
"49400100","Spider-Man/Men in Black II Double-Bill","Spider-Man"
"49400100","Spider-Man/Men in Black II Double-Bill","Men in Black"
"49630100","Trailer Park Boys: The Movie","Trailer Park Boys"
"49670100","Benji: Off the Leash!","Benji"
"49860100","Nitro","Nitro"
"50450100","Cruising Bar 2","Cruising Bar"
"50460100","Major League: Back to the Minors","Major League"
"50570100","Free Willy 3: The Rescue","Free Willy"
"50690100","Per un pugno di dollari","Dollar Trilogy"
"50870100","Monty Python and the Holy Grail","Monty Python"
"51040100","The Work and the Glory","Work and the Glory"
"51140100","Elvis Gratton 2","Elvis Gratton"
"53350100","Dhoom 2","Dhoom"
"54100100","BloodRayne","BloodRayne"
"54120100","The Evil Dead","Evil Dead"
"54430100","After Dark HorrorFest 2006: 8 Films to Die For","8 Films to Die For"
"55330100","State Property","State Property"
"55770100","The Work and the Glory: American Zion","Work and the Glory"
"56330100","Huozhe","Chinatown"
"56520100","Dans une galaxie pres de chez vous 2","Dans une galaxie pres de chez vous"
"57070100","Pokemon 4Ever","Pokemon"
"57300100","State Property 2","State Property"
"57510100","Astérix et Obélix contre César","Asterix"
"58010100","Carne trémula","Viva Pedro Box"
"58050100","Dogville","USA - Land of Opportunities"
"58130100","Nochnoy dozor","Night Watch"
"58360100","Trois couleurs: Blanc","Trois Couleurs"
"58540100","Krrish","Koi Mil Gaya"
"59020100","Henry Fool","Henry Fool"
"59060100","The Work and the Glory III: A House Divided","Work and the Glory"
"59070100","Trois couleurs: Bleu","Trois Couleurs"
"59150100","Saints and Soldiers","Saints and Soldiers"
"59390100","Donnie Darko","Donnie Darko"
"59860100","Banlieue 13","Banlieue 13"
"60190100","Trois","Trois"
"61150100","C't'a ton tour Laura Cadieux","Laura Cadieux"
"61190100","Ghost in the Shell 2: Innocence","Ghost in the Shell"
"61600100","Sarkar Raj","Sarkar"
"61680100","Shiloh","Shiloh"
"61690100","Wallace & Gromit: The Best of Aardman Animation","Wallace and Gromit"
"61850100","Astérix aux Jeux Olympiques","Asterix"
"61900100","Les Boys III","Les Boys"
"62060100","The Ten Commandments","Epic Stories of the Bible"
"62070100","Diary of the Dead","George A. Romero's Dead Series"
"62760100","Pandora's Box","Trois"
"63630100","Nueba Yol 3","Nueba Yol"
"63700100","Une vieille maîtresse","French Connection"
"63770100","Laura Cadieux .. La Suite","Laura Cadieux"
"64150100","Pokemon Heroes","Pokemon"
"64330100","Taxi 2","Taxi"
"64540100","Oldboy","Vengeance Trilogy"
"64810100","Koi… Mil Gaya","Koi Mil Gaya"
"66830100","Earth","Fire Earth Water"
"67020100","Cremaster 3","Cremaster"
"67280100","Fire","Fire Earth Water"
"67310100","Cube","Cube"
"67510100","Boys Life 2","Boys Life"
"67920100","Dnevnoy dozor","Night Watch"
"68100100","Bhoothnath","Bhoothnath"
"68240100","Kôkaku kidôtai","Ghost in the Shell"
"68820100","Gojira","Godzilla"
"70870100","Russian Dolls","The Spanish Apartment"
"71180100","Golmaal Returns","Golmaal"
"71340100","Cidade dos Homens","City of God"
"71540100","OSS 117: Le Caire, nid d'espions","OSS 117"
"71730100","42 Up","Seven Up!"
"71730100","42 Up","7 Up"
"71780100","SLC Punk!","SLC Punk"
"73260100","Dominion: Prequel to the Exorcist","Exorcist"
"73470100","Dhoom","Dhoom"
"73620100","49 Up","7 Up"
"73880100","The Swan Princess: Escape from Castle Mountain","Swan Princess"
"74190100","Babar: King of the Elephants","Babar"
"74310100","Goal! 2: Living the Dream...","Goal"
"74320100","In Search of Mozart","In Search of"
"74930100","Chinjeolhan geumjassi","Vengeance Trilogy"
"75030100","Boys Life 3","Boys Life"
"76190100","Herb & Dorothy","Herb and Dorothy"
"76680100","Dhamaal","Dhamaal"
"77200100","Eating Out","Eating Out"
"77690100","Les Couloirs du temps: Les visiteurs 2","Visiteurs"
"78360100","What the Bleep?: Down the Rabbit Hole","What the Bleep"
"78690100","Appurushîdo","Appurushido"
"78790100","Fay Grim","Henry Fool"
"78840100","Malevolence","Malevolence"
"81300100","Texas Chainsaw Massacre: Next Generation","Texas Chainsaw Massacre"
"81550100","Mou gaan dou","Infernal Affairs"
"83060100","Manderlay","USA - Land of Opportunities"
"84100100","Cavale","On the Run"
"85120100","Feast","Feast"
"85150100","Hak se wui yi wo wai kwai","Hak Se Wui"
"85270100","La terza madre","Three Mothers"
"85840100","Boys Life 4: Four Play","Boys Life"
"85960100","L'auberge rouge","The Spanish Apartment"
"86200100","La Rondine","San Francisco Opera Cinemacasts 2007"
"86620100","Død snø","Dod sno"
"86830100","Boksuneun naui geot","Vengeance Trilogy"
"88090100","Eating Out 2: Sloppy Seconds","Eating Out"
"88790100","Shiloh 2: Shiloh Season","Shiloh"
"89290100","The Boondock Saints","Boondock Saints"
"90260100","National Lampoon's Barely Legal","National Lampoon"
"91260100","Evangerion shin gekijôban: Jo","Evangelion"
"94980100","Far From Home","Far From Home"
"95670100","Belle Toujours","Belle de Jour"
"96460100","Hatchet","Hatchet"
"101570100","On the Other Hand, Death: A Donald Strachey Mystery","Donald Strachey"
"103050100","Ice Blues: A Donald Strachey Mystery","Donald Strachey"
"104400100","Dumbo","Dumbo"
"104430100","Nanny McPhee and the Big Bang","Nanny McPhee"
"104440100","Dungeons & Dragons: Wrath of the Dragon God","Dungeons & Dragons"
"104560100","Sex and the City 2","Sex and the City"
"104580100","Secrets of the Furious Five","Kung Fu Panda"
"104600100","Happily N'Ever After 2: Snow White","Happily N'Ever After"
"104610100","Pokemon 2007: Diamond & Pearl","Pokemon"
"104740100","Män som hatar kvinnor","Millenium"
"105030100","Tinker Bell and the Lost Treasure","Peter Pan"
"105030100","Tinker Bell and the Lost Treasure","Tinker Bell"
"105150100","Banlieue 13: Ultimatum","Banlieue 13"
"105270100","Zombieland","Zombieland"
"105300100","The Smurfs","The Smurfs"
"105420100","Harry Potter and the Deathly Hallows: Part II","Harry Potter"
"105450100","The Little Mermaid: Ariel's Beginning","The Little Mermaid"
"105500100","Van Wilder: Freshman Year","Van Wilder"
"105550100","Little Fockers","Meet the Parents"
"105690100","Bring It On: Fight to the Finish","Bring It On"
"105720100","Naruto Shippuden: The Movie","Gekijo ban Naruto"
"105880100","Batman: Gotham Knight","Batman"
"105880100","Batman: Gotham Knight","DC Animated Movie Universe"
"106470100","Scooby-Doo and the Samurai Sword","Scooby-Doo"
"106750100","Gekijô-ban Kamen Raidâ Den-Ô: Ore, tanjô!","Masked Rider"
"106850100","Wonder Woman","DC Extended Universe"
"106850100","Wonder Woman","Wonder Woman"
"107110100","Cinderella III: A Twist in Time","Cinderella"
"107150100","Center Stage: Turn It Up","Center Stage"
"107240100","Space Buddies","Air Bud"
"107240100","Space Buddies","Air Buddies"
"107550100","Percy Jackson & the Olympians: The Lightning Thief","Percy Jackson"
"107690100","Undisputed II: Last Man Standing","Undisputed"
"107740100","Ong-Bak 2","Ong-Bak"
"107880100","The Twilight Saga: New Moon","Twilight"
"107900100","Despicable Me","Despicable Me"
"108130100","High School Musical 2","High School Musical"
"108150100","Behind Enemy Lines: Colombia","Behind Enemy Lines"
"108190100","The Grudge 3","Grudge"
"108290100","Wonder Woman","DC Animated Movie Universe"
"108780100","Barbie Presents Thumbelina","Barbie"
"108870100","S. Darko","Donnie Darko"
"108970100","Transformers: Dark of the Moon","Transformers"
"109080100","Salt","Salt"
"109130100","Thor","Thor"
"109130100","Thor","Marvel Cinematic Universe"
"109150100","Curious George 2: Follow That Monkey","Curious George"
"109280100","Doraemon: Nobita to Midori no kyojinten","Doraemon"
"109520100","Saw VI","Saw"
"109570100","Garfield's Pet Force","Garfield"
"109620100","Road Trip: Beer Pong","Road Trip"
"109670100","The Twilight Saga: Eclipse","Twilight"
"109820100","The Expendables","The Expendables"
"109850100","Barbie as The Island Princess","Barbie"
"110130100","Tron: Legacy","Tron"
"110270100","Wrong Turn 3: Left for Dead","Wrong Turn"
"110360100","Wrong Turn 2: Dead End","Wrong Turn"
"110400100","Mortadelo y Filemón. Misión: Salvar la Tierra","Mortadelo y Filemon"
"110430100","Superman - Doomsday","DC Animated Movie Universe"
"110640100","Return to House on Haunted Hill","House on Haunted Hill"
"110670100","Superman/Batman: Public Enemies","DC Animated Movie Universe"
"110810100","Chill Out Scooby-Doo!","Scooby-Doo"
"110860100","A Nightmare on Elm Street","Nightmare on Elm Street"
"111140100","The Hangover Part II","Hangover"
"111460100","Shrek Forever After","Shrek"
"111560100","Toy Story 3D Double Feature","Toy Story"
"111610100","Resident Evil: Afterlife","Resident Evil"
"111720100","Wallace and Gromit: A Matter of Loaf or Death","Wallace and Gromit"
"111860100","The Karate Kid","Karate Kid"
"111900100","Paranormal Activity","Paranormal Activity"
"112140100","Die Wilden Kerle 5","Wilden Kerle"
"112380100","Valentine's Day","Garry Marshall's Holiday Franchise"
"113040100","Santa Buddies","Air Bud"
"113040100","Santa Buddies","Air Buddies"
"113040100","Santa Buddies","Santa Buddies"
"113160100","Boy s tenyu 2","Boy s tenyu"
"113300100","Barbie and the Three Musketeers","Barbie"
"113780100","Madagascar 3: Europe's Most Wanted","Madagascar"
"114060100","Puss in Boots","Shrek"
"114290100","Hotel Transylvania","Hotel Transylvania"
"114300100","Rio","Rio"
"114380100","Pokemon 2009","Pokemon"
"114400100","Green Lantern: First Flight","DC Animated Movie Universe"
"114930100","Cabin Fever 2: Spring Fever","Cabin Fever"
"114990100","Le Coeur des hommes 2","Le cœur des hommes"
"115100100","Grown Ups","Grown Ups"
"115170100","Mickey's Clubhouse - Mickey's Treat","Mickey Mouse"
"115330100","Hot Tub Time Machine","Hot Tub Time Machine"
"115640100","Doraemon: Nobita's Great Adventure into the Underworld","Doraemon"
"115680100","Behind Enemy Lines II: Axis of Evil","Behind Enemy Lines"
"115700100","Alice in Wonderland","Alice in Wonderland"
"116080100","Qian bu gou yong II","Qian bu gou yong"
"116180100","Atlas Shrugged: Part 1","Atlas Shrugged"
"116430100","Barbie Fairytopia: Mermaidia","Barbie"
"116440100","Ironiya Sudby. Prodolzhenie","Ironiya Sudby"
"116460100","The Butterfly Effect 2","Butterfly Effect"
"116630100","How to Train Your Dragon","How to Train Your Dragon"
"116800100","Boogeyman 2","Boogeyman"
"116890100","The Dukes of Hazzard: The Beginning","Dukes of Hazzard"
"117110100","Brother Bear 2","Brother Bear"
"117120100","Lost Boys: The Tribe","Lost Boys"
"117200100","Barbie Mariposa","Barbie"
"117330100","Futurama - The Beast with a Billion Backs","Futurama"
"117380100","High School Musical: El Desafio","High School Musical"
"117390100","St. Trinian’s","St. Trinian's"
"117620100","Tinker Bell","Tinker Bell"
"117650100","Kureyon Shinchan: Arashi o Yobu: Utau Ketsudake Bakudan!","Crayon Shin Chan"
"117670100","Detective Conan: Jolly Roger in Deep Azure","Detective Conan"
"117740100","Jackass 2.5","Jackass"
"117760100","Gekijoban Kamen Raida Den'o and Kiba Kuraimakkusu Deka","Masked Rider"
"117780100","Les Randonneurs à Saint-Tropez","Les randonneurs"
"117820100","Rest Stop","Rest Stop"
"117940100","Iron Man 2","Iron Man"
"117940100","Iron Man 2","Marvel Cinematic Universe"
"117960100","The Avengers","Marvel Cinematic Universe"
"117960100","The Avengers","Avengers"
"118060100","Jurassic World","Jurassic Park"
"118070100","The Art of War II: Betrayal","The Art of War"
"118120100","Shazam!","DC Extended Universe"
"118260100","Gnomeo and Juliet","Gnomeo and Juliet"
"118320100","Bring It On: All or Nothing","Bring It On"
"118700100","Lake Placid 2","Lake Placid"
"118710100","Desu Noto 3: L: Change the World","Desu Noto"
"118730100","Mickey's Clubhouse - Mickey's Great Clubhouse Hunt","Mickey Mouse"
"118740100","Barbie Fairytopia - Magic of the Rainbow","Barbie"
"118900100","Desu Noto","Desu Noto"
"119270100","Justice League - The New Frontier","Superman"
"119270100","Justice League - The New Frontier","Batman"
"119270100","Justice League - The New Frontier","DC Animated Movie Universe"
"119340100","Harry Potter and the Deathly Hallows: Part I","Harry Potter"
"119450100","Kamen Rider Kabuto: God Speed Love","Masked Rider"
"119580100","High School Musical","High School Musical"
"119590100","Snow Buddies","Air Bud"
"119590100","Snow Buddies","Air Buddies"
"119800100","Gegege no Kitarô: Sennen noroi uta","Kitaro"
"120120100","Toy Story 3","Toy Story"
"120220100","Die Wilden Kerle 4","Wilden Kerle"
"120380100","Pokemon 2008","Pokemon"
"120440100","Chi Bi Juezhan Tianxia","Red Cliff"
"120530100","Taxi 4","Taxi"
"120660100","Cats & Dogs: The Revenge of Kitty Galore","Cats and Dogs"
"120770100","Bratz: Passion 4 Fashion Diamondz","Bratz"
"120820100","Stuart Little 3","Stuart Little"
"120960100","Meitantei Conan: Senritsu no furu sukoa","Detective Conan"
"120980100","Crayon Shin-chan 16","Crayon Shin Chan"
"121010100","Mickey Mouse Clubhouse - Mickey's Storybook Surprises","Mickey Mouse"
"121030100","Get Smart's Bruce and Lloyd Out of Control","Get Smart"
"121310100","The Chronicles of Narnia: The Voyage of the Dawn Treader","Chronicles of Narnia"
"121420100","The Fox and the Hound 2","The Fox and the Hound"
"121450100","Molly: An American Girl on the Home Front","American Girl"
"121460100","Kick-Ass","Kick-Ass"
"121490100","Futurama - Bender's Game","Futurama"
"121810100","Clash of the Titans","Clash of the Titans"
"121820100","Joy Ride 2: Dead Ahead","Joy Ride"
"121830100","Beethoven's Big Break","Beethoven"
"121840100","Barbie in a Christmas Carol","Barbie"
"122020100","The Barbie Diaries","Barbie"
"122040100","Avatar","Avatar"
"122120100","Mickey's Clubhouse - Mickey Saves Santa","Mickey Mouse"
"122190100","Red Cliff","Red Cliff"
"122310100","Arthur and the War of Two Worlds","Arthur and the Minimoys"
"122490100","Highlander: The Source","Highlander"
"122520100","Arthur et la vengeance de Maltazard","Arthur and the Minimoys"
"122570100","Kung Fu Panda 2","Kung Fu Panda"
"122800100","[Rec]","[REC]"
"122960100","Without a Paddle: Nature's Calling","Without a Paddle"
"122970100","Futurama - Into the Wild Green Yonder","Futurama"
"123010100","Barbie in the 12 Dancing Princesses","Barbie"
"123240100","Still Waiting...","Waiting"
"123310100","Resident Evil: Degeneration","Resident Evil"
"123390100","Futurama - Bender's Big Score","Futurama"
"123470100","Doctor Dolittle: Tail to the Chief","Doctor Dolittle"
"123740100","Why Did I Get Married?","Why Did I Get Married"
"123940100","Sin City: A Dame to Kill For","Sin City"
"124050100","Hoodwinked Too: Hood vs. Evil","Hoodwinked"
"124080100","Cars 2","Cars"
"124110100","White Noise 2: The Light","White Noise"
"124290100","Les Bronzés 3: amis pour la vie","Les Bronzés"
"124300100","Captain America: The First Avenger","Captain America"
"124300100","Captain America: The First Avenger","Marvel Cinematic Universe"
"124340100","Scooby-Doo and the Goblin King","Scooby-Doo"
"124390100","Open Season 2","Open Season"
"124570100","Twentieth Century Boys","Twentieth Century Boys"
"124670100","Wall Street 2: Money Never Sleeps","Wall Street"
"124700100","Shrek the Halls","Shrek"
"124730100","7 Zwerge - Der Wald Ist Nicht Genug","7 Zwerge"
"124760100","Bring It On: In It to Win It","Bring It On"
"125070100","Barbie and the Diamond Castle","Barbie"
"125160100","Man of Steel","Superman"
"125160100","Man of Steel","DC Extended Universe"
"125170100","Sandlot 3: Heading Home, The","The Sandlot"
"125310100","New York, I Love You","Cities of Love"
"125670100","Land Before Time XII, The - The Great Day of the Flyers","The Land Before Time"
"125790100","Bratz - Fashion Pixiez","Bratz"
"125920100","The Amazing Spider-Man","Spider-Man"
"125930100","Dr. Dolittle 3","Doctor Dolittle"
"126030100","Winx Club - Il Segreto Del Regno Perduto","Winx Club"
"126130100","Bratz: Genie Magic","Bratz"
"126180100","Gekij?ban Poketto Monsut? Adobansu Jener?shon My? to Had? no Y?sha Rukario","Pokemon"
"126210100","The Hobbit: The Desolation of Smaug","Peter Jackson's Lord of the Rings"
"126210100","The Hobbit: The Desolation of Smaug","The Hobbit"
"126320100","Starship Troopers 3 - Marauder","Starship Troopers"
"126330100","Belly 2: Millionaire Boyz Club","Belly"
"126480100","Curious George - Zoo Night and Other Animal Stories","Curious George"
"126540100","The Hobbit: An Unexpected Journey","Peter Jackson's Lord of the Rings"
"126540100","The Hobbit: An Unexpected Journey","The Hobbit"
"126600100","Sherlock Holmes","Sherlock Holmes"
"126650100","Pirates of the Caribbean: On Stranger Tides","Pirates of the Caribbean"
"126670100","Desu Noto 2","Desu Noto"
"128740100","In Search of Beethoven","In Search of"
"128830100","The Croods","The Croods"
"128850100","The Boondock Saints 2: All Saints Day","Boondock Saints"
"128860100","Flickan som lekte med elden","Millenium"
"128900100","Batman & Robin","Batman"
"128940100","Diary of a Wimpy Kid","Diary of a Wimpy Kid"
"128960100","Predators","Predator"
"129110100","Yogi Bear","Yogi Bear"
"129120100","Underworld: Awakening","Underworld"
"129160100","Happy Feet Two","Happy Feet"
"129200100","Step Up 3D","Step Up"
"129760100","300","300"
"129810100","American Pie 2","American Pie"
"129840100","2 Fast 2 Furious","Fast and the Furious"
"129890100","Are We There Yet?","Are We There Yet?"
"129990100","102 Dalmatians","101 Dalmatians"
"130030100","2001: A Space Odyssey","2001"
"130100100","Are We Done Yet?","Are We There Yet?"
"130270100","28 Weeks Later","28 Days Later"
"130380100","Agent Cody Banks 2: Destination London","Agent Cody Banks"
"130680100","12 Rounds","12 Rounds"
"130790100","Air Bud: Golden Receiver","Air Bud"
"131420100","After Dark HorrorFest 2007: 8 More Films to Die For","8 Films to Die For"
"131520100","2009 Oscar Shorts","Academy Award Short Film Nominations"
"131570100","A Collection of 2007 Academy Award Nominated Short Films - Live Action & Animation","Academy Award Short Film Nominations"
"131660100","2006 Academy Award Nominated Short Films","Academy Award Short Film Nominations"
"131680100","3 Ninjas: High Noon at Mega Mountain","3 Ninjas"
"131800100","The 2005 Academy Award Nominated Short Films","Academy Award Short Film Nominations"
"131920100","Another Gay Sequel","Another Gay Movie"
"132010100","America the Beautiful","America the Beautiful"
"132110100","Après la vie","On the Run"
"132250100","18 ans après","3 Hommes"
"132710100","American Pie Presents: The Book of Love","American Pie"
"132950100","Air Buddies","Air Bud"
"132950100","Air Buddies","Air Buddies"
"132960100","American Pie Presents: The Naked Mile","American Pie"
"133010100","The Adventures of Tintin","Tintin"
"133110100","Ant-Man","Marvel Cinematic Universe"
"133110100","Ant-Man","Ant-Man"
"133120100","Another Cinderella Story","A Cinderella Story"
"133130100","Adulthood","Kidulthood"
"133140100","Arn - Tempelriddaren","Arn"
"133160100","Alvin and the Chipmunks: The Squeakquel","Alvin and the Chipmunks"
"133190100","Arn - Riket vid vägens slut","Arn"
"133230100","An American Girl: Chrissa Stands Strong","American Girl"
"133250100","Alpha and Omega 3D","Alpha and Omega"
"133270100","Always zoku san-chôme no yûhi","Always"
"133360100","Appurushido Ex Machina","Appurushido"
"133400100","American Pie Presents: Beta House","American Pie"
"134230100","Why Did I Get Married Too?","Why Did I Get Married"
"134240100","Undisputed III: Redemption","Undisputed"
"134440100","Red Riding: The Year of Our Lord 1974","The Red Riding Trilogy"
"134460100","Red Riding: The Year of Our Lord 1983","The Red Riding Trilogy"
"134620100","Star Trek Into Darkness","Star Trek"
"134770100","Paranormal Activity 2","Paranormal Activity"
"134970100","Justice League: Crisis on Two Earths","DC Animated Movie Universe"
"135000100","Trailer Park Boys: Countdown to Liquor Day","Trailer Park Boys"
"135310100","2010 Oscar Shorts","Academy Award Short Film Nominations"
"135340100","[Rec] 2","[REC]"
"135950100","Saw 3D","Saw"
"136090100","The Last Exorcism","The Last Exorcism"
"136230100","George A. Romero's Survival of the Dead","George A. Romero's Dead Series"
"136410100","Restrepo","Restrepo"
"136430100","Strawberry Shortcake: The Berryfest Princess Movie","Strawberry Shortcake"
"136710100","Autoreiji","Outrage"
"136720100","Barbie in a Mermaid Tale","Barbie"
"137630100","Beverly Hills Chihuahua 2","Beverly Hills Chihuahua"
"137700100","The Human Centipede","The Human Centipede"
"137730100","High School Musical: The Concert","High School Musical"
"137820100","Space Chimps 2: Zartog Strikes Back","Space Chimps"
"137890100","Batman: Under the Red Hood","DC Animated Movie Universe"
"138130100","Ip Man","Ip Man"
"138150100","Lost Boys: The Thirst","Lost Boys"
"138370100","The Cremaster Cycle","Cremaster"
"138420100","Luftslottet som sprängdes","Millenium"
"138790100","Stomp the Yard 2: Homecoming","Stomp the Yard"
"138900100","Madea’s Big Happy Family","Madea"
"138910100","The Twilight Saga: Twilight/New Moon Combo","Twilight"
"138990100","Skyline","Skyline"
"139070100","Conan the Barbarian","Conan"
"139340100","The Search for Santa Paws","Air Bud"
"139340100","The Search for Santa Paws","Air Buddies"
"139340100","The Search for Santa Paws","Santa Buddies"
"139600100","Fast Five","Fast and the Furious"
"139620100","The Thing","The Thing"
"139640100","The Girl with the Dragon Tattoo","Millennium (English)"
"139750100","Scooby-Doo! Curse of the Lake Monster","Scooby-Doo"
"139790100","Machete","Machete"
"139830100","Tinker Bell and the Great Fairy Rescue","Tinker Bell"
"139860100","Monsters University","Monsters, Inc."
"139980100","The Twilight Saga: Breaking Dawn, Part 1","Twilight"
"139990100","The Twilight Saga: Breaking Dawn, Part 2","Twilight"
"140030100","Monsters","Monsters"
"140050100","Red","RED"
"140110100","Dolphin Tale","Dolphin Tale"
"140240100","The Dark Knight Rises","Batman"
"140240100","The Dark Knight Rises","Dark Knight Trilogy"
"140300100","Bridget Jones’s Baby","Bridget Jones"
"140350100","Big Mommas: Like Father, Like Son","Big Momma's House"
"140380100","Black Panther","Marvel Cinematic Universe"
"140550100","Rise of the Planet of the Apes","Planet of the Apes"
"140580100","21 Jump Street","21 Jump Street"
"140750100","Anchorman 2: The Legend Continues","Anchorman"
"140980100","Scream 4","Scream"
"141880100","Wrath of the Titans","Clash of the Titans"
"142380100","Deadpool","X-Men"
"142380100","Deadpool","Deadpool"
"142430100","A Good Day to Die Hard","Die Hard"
"142620100","Ghostbusters","Ghostbusters"
"142670100","Mad Max: Fury Road","Mad Max"
"142700100","X-Men: First Class","X-Men"
"142830100","Hatchet II","Hatchet"
"143270100","Zoolander 2","Zoolander"
"143400100","Escape Plan","Escape Plan"
"143490100","The Man with the Iron Fists","The Man With The Iron Fists"
"143540100","Snabba Cash","Snabba Cash"
"143580100","Maleficent","Maleficent"
"143590100","The Woman in Black","The Woman in Black"
"143610100","How to Train Your Dragon 2","How to Train Your Dragon"
"143620100","Insidious","Insidious"
"143760100","I Spit on Your Grave","I Spit on Your Grave"
"143790100","New Year’s Eve","Garry Marshall's Holiday Franchise"
"143800100","Horrible Bosses","Horrible Bosses"
"143850100","Sherlock Holmes: A Game of Shadows","Sherlock Holmes"
"143870100","Spy Kids: All the Time in the World","Spy Kids"
"143920100","The Mechanic","The Mechanic"
"144120100","Mission: Impossible—Ghost Protocol","Mission: Impossible"
"144570100","Pure Country 2: The Gift","Pure Country"
"144760100","Open Season 3","Open Season"
"144790100","Men in Black 3","Men in Black"
"145010100","Evil Dead","Evil Dead"
"145190100","Ironclad","Ironclad"
"145290100","Jackass 3D","Jackass"
"145330100","Tomorrow When the War Began","Tomorrow, When the War Began"
"145450100","World War Z","World War Z"
"145630100","Final Destination 5","Final Destination"
"145700100","G.I. Joe: Retaliation","G.I. Joe"
"145970100","The Equalizer","The Equalizer"
"146130100","Ong Bak 3","Ong-Bak"
"146310100","Ghost Rider: Spirit of Vengeance","Ghost Rider"
"146360100","Goon","Goon"
"146440100","Dabangg","Dabangg"
"146450100","Barbie: A Fashion Fairytale","Barbie"
"146480100","A Very Harold & Kumar 3D Christmas","Harold & Kumar"
"146800100","Iron Man 3","Iron Man"
"146800100","Iron Man 3","Marvel Cinematic Universe"
"146970100","Johnny English Reborn","Johnny English"
"147090100","The Hunger Games","Hunger Games"
"147410100","Kick-Ass 2","Kick-Ass"
"147800100","GasLand","Gasland"
"147940100","Inferno","Da Vinci Code"
"147990100","Norm of the North","Norm of the North"
"148160100","Nativity","Nativity"
"148250100","Oz the Great and Powerful","Wizard of Oz"
"148380100","Ride Along","Ride Along"
"148410100","Riddick","Riddick"
"148540100","Safe House","Safe House"
"148840100","Taken 2","Taken"
"148880100","The Best Exotic Marigold Hotel","Best Exotic Marigold Hotel"
"149580100","A Haunting in Connecticut 2: The Ghosts of Georgia","Haunting in Connecticut"
"149740100","All Star Superman","DC Animated Movie Universe"
"149800100","Diary of a Wimpy Kid: Rodrick Rules","Diary of a Wimpy Kid"
"149890100","Superman/Batman: Apocalypse","DC Animated Movie Universe"
"149960100","Venom","Sony’s Marvel Universe"
"149960100","Venom","Spider-Man"
"149960100","Venom","Venom"
"150180100","Death Race 2","Death Race"
"150360100","The World's End","Three Flavours Cornetto Trilogy"
"150610100","The Bourne Legacy","Bourne"
"150720100","Zombieland: Double Tap","Zombieland"
"150770100","Alvin and the Chipmunks: Chipwrecked","Alvin and the Chipmunks"
"150780100","The Muppets","Muppets"
"151040100","xXx: Return of Xander Cage","xXx"
"151130100","Ted","Ted"
"151640100","Ip Man: Legend of the Grand Master","Ip Man"
"151730100","The Wolverine","Wolverine"
"151730100","The Wolverine","X-Men"
"152250100","Snow White and the Huntsman","Snow White and the Huntsman"
"152580100","Treasure Buddies","Air Bud"
"152580100","Treasure Buddies","Air Buddies"
"152620100","Bereavement","Malevolence"
"152680100","Evangerion shin gekijôban: Ha","Evangelion"
"152870100","Honey 2","Honey"
"152930100","Project X","Project X"
"152980100","Paranormal Activity 3","Paranormal Activity"
"153070100","Ice Age: Continental Drift","Ice Age"
"153080100","Ouija","Ouija"
"153090100","Skyfall","James Bond"
"153230100","The Trip","The Trip"
"153460100","Prometheus","Alien"
"154030100","2011 Oscar Shorts","Academy Award Short Film Nominations"
"157350100","Barbie as the Princess and the Pauper","Barbie"
"158810100","Stake Land","Stake Land"
"158870100","Resident Evil: Retribution","Resident Evil"
"158880100","Wreck-It Ralph","Wreck-It Ralph"
"158910100","Torrente 4 (3D)","Torrente"
"158920100","Barbie: A Fairy Secret","Barbie"
"159050100","You Got Served: Beat The World","You Got Served"
"159760100","Tanu Weds Manu","Tanu Weds Manu"
"159930100","Spooky Buddies","Air Bud"
"159930100","Spooky Buddies","Air Buddies"
"160040100","The Expendables 2","The Expendables"
"160310100","Evil Bong 3 The Wrath Of Bong!","Evil Bong"
"160660100","Di Renjie","Detective Dee"
"161360100","American Reunion","American Pie"
"161370100","Think Like a Man","Think Like a Man"
"161710100","Amityville: The Awakening","Amityville"
"161720100","Journey 2: The Mysterious Island","Journey to the Center of the Earth"
"162140100","Batman Year One","DC Animated Movie Universe"
"162230100","Pyaar Ka Punchnama","Pyaar Ka Punchnama"
"163110100","Double Dhamaal","Dhamaal"
"163140100","Despicable Me 2","Despicable Me"
"163180100","Green Lantern: Emerald Knights","DC Animated Movie Universe"
"163190100","Scary Movie V","Scary Movie"
"163420100","Fast and Furious 6","Fast and the Furious"
"163710100","Thor: The Dark World","Thor"
"163710100","Thor: The Dark World","Marvel Cinematic Universe"
"163740100","Pacific Rim","Pacific Rim"
"163800100","Texas Chainsaw 3D","Texas Chainsaw Massacre"
"163980100","Singham","Singham"
"164350100","The Howling: Reborn","The Howling"
"164400100","Gekijouban Pokketo monsutâ Besuto wisshu: Pikutini to kuroku eiyuu Zekuromu","Pokemon"
"164550100","Frozen","Frozen"
"165290100","The Amazing Spider-Man 2","Spider-Man"
"165350100","The Hunger Games: Catching Fire","Hunger Games"
"165370100","Guardians of the Galaxy","Marvel Cinematic Universe"
"165370100","Guardians of the Galaxy","Guardians of the Galaxy"
"165790100","The Smurfs 2","The Smurfs"
"165990100","Diary of a Wimpy Kid: Dog Days","Diary of a Wimpy Kid"
"166100100","Wrong Turn 4: Bloody Beginnings","Wrong Turn"
"166700100","Human Centipede 2: Full Sequence","The Human Centipede"
"166990100","Phineas & Ferb The Movie: Across the 2nd Dimension","Phineas and Ferb"
"167340100","America the Beautiful II: The Thin Commandments","America the Beautiful"
"167390100","Step Up Revolution","Step Up"
"168140100","Universal Soldier: Day of Reckoning","Universal Soldier"
"168190100","Barbie: Princess Charm School","Barbie"
"168560100","The Inbetweeners","The Inbetweeners"
"168860100","Percy Jackson: Sea of Monsters","Percy Jackson"
"169330100","RED 2","RED"
"169350100","Sinister","Sinister"
"169360100","Now You See Me","Now You See Me"
"169450100","Magic Mike","Magic Mike"
"169940100","Justice League: Doom","DC Animated Movie Universe"
"170320100","Barbie: A Perfect Christmas","Barbie"
"170680100","A Madea Christmas: The Play","Madea"
"171350100","Serbuan maut","Serbuan maut"
"171380100","Paranormal Activity 4","Paranormal Activity"
"172290100","A Charlie Brown Christmas","Peanuts"
"172300100","Django","Django"
"172360100","Grown Ups 2","Grown Ups"
"172460100","Cowgirls 'n Angels","Cowgirls n' Angels"
"172640100","The Hangover 3","Hangover"
"172750100","2012 Oscar Shorts","Academy Award Short Film Nominations"
"173060100","Transformers: Age of Extinction","Transformers"
"173390100","The SpongeBob Movie: Sponge Out of Water","SpongeBob SquarePants"
"173410100","The Dead","The Dead"
"173670100","Cirque du Soleil: Worlds Away","Cirque du Soleil"
"173700100","Barbie in a Mermaid Tale 2","Barbie"
"173870100","Cloudy with a Chance of Meatballs 2","Cloudy with a Chance of Meatballs"
"173890100","ABCD (Any Body Can Dance)","ABCD"
"174070100","[Rec] 3: Genesis","[REC]"
"174150100","Tai Chi Zero","Tai Chi Zero"
"174410100","Ai Weiwei: Never Sorry","Ai Weiwei"
"174430100","300: Rise of an Empire","300"
"174560100","Superman vs. The Elite","DC Animated Movie Universe"
"174800100","The Collection","The Collector"
"174890100","Captain America: The Winter Soldier","Captain America"
"174890100","Captain America: The Winter Soldier","Marvel Cinematic Universe"
"175240100","The Pact","The Pact"
"175280100","Klovn: The Movie","Klovn"
"175320100","V/H/S","V/H/S"
"175620100","Silent Hill: Revelation 3D","Silent Hill"
"175660100","The Lego Movie","Lego"
"176220100","Beverly Hills Chihuahua 3","Beverly Hills Chihuahua"
"176430100","Batman: The Dark Knight Returns, Part 1","Batman"
"176430100","Batman: The Dark Knight Returns, Part 1","DC Animated Movie Universe"
"176830100","Pitch Perfect","Pitch Perfect"
"176940100","The Heat","The Heat"
"176950100","Dawn of the Planet of the Apes","Planet of the Apes"
"176960100","X-Men: Days of Future Past","X-Men"
"177040100","Jack Reacher","Jack Reacher"
"177970100","Atlas Shrugged: Part II","Atlas Shrugged"
"178110100","Secret of the Wings","Tinker Bell"
"178290100","The Hunger Games: Mockingjay - Part 1","Hunger Games"
"178300100","The Hunger Games: Mockingjay - Part 2","Hunger Games"
"179210100","The Hobbit: The Battle of the Five Armies","Peter Jackson's Lord of the Rings"
"179210100","The Hobbit: The Battle of the Five Armies","The Hobbit"
"179480100","Jesse Stone: Benefit of the Doubt","Jesse Stone"
"179490100","Avengers: Age of Ultron","Marvel Cinematic Universe"
"179490100","Avengers: Age of Ultron","Avengers"
"179730100","The Conjuring","The Conjuring"
"180500100","Santa Paws 2: The Santa Pups","Air Bud"
"180500100","Santa Paws 2: The Santa Pups","Air Buddies"
"180500100","Santa Paws 2: The Santa Pups","Santa Buddies"
"180590100","Divergent","The Divergent Series"
"180630100","Minions","Despicable Me"
"180630100","Minions","Minions"
"180710100","Jack Ryan: Shadow Recruit","Jack Ryan"
"181330100","Penguins of Madagascar","Madagascar"
"181340100","Trolls","Trolls"
"181360100","Kung Fu Panda 3","Kung Fu Panda"
"181370100","How to Train Your Dragon: The Hidden World","How to Train Your Dragon"
"181430100","Barbie: The Princess & The Popstar","Barbie"
"181590100","Godzilla","Godzilla"
"181590100","Godzilla","MonsterVerse"
"181850100","Batman: The Dark Knight Returns, Part 2","Batman"
"181850100","Batman: The Dark Knight Returns, Part 2","DC Animated Movie Universe"
"182010100","Smurfs: The Lost Village","The Smurfs"
"182090100","Death Race 3: Inferno","Death Race"
"182720100","56 Up","7 Up"
"182730100","A Haunted House","A Haunted House"
"182770100","Monster High Ghouls Rule","Monster High"
"182790100","12 Rounds 2: Reloaded","12 Rounds"
"182820100","The Peanuts Movie","Peanuts"
"183280100","Machete Kills","Machete"
"183320100","Paranormal Activity: The Ghost Dimension","Paranormal Activity"
"183690100","Olympus Has Fallen","Fallen"
"183740100","Star Wars Ep. VII: The Force Awakens","Star Wars"
"184080100","Astérix et Obélix: Au service de Sa Majesté ","Asterix"
"184100100","Hotel Transylvania 2","Hotel Transylvania"
"184200100","The Last Exorcism Part II","The Last Exorcism"
"184390100","The ABCs of Death","ABC's of Death"
"184400100","The Best Man Holiday","The Best Man"
"184530100","The Purge","The Purge"
"184600100","Insidious Chapter 2","Insidious"
"185150100","Fantastic Four","Fantastic Four"
"185190100","Adventures in Lalaloopsy Land: The Search for Pillow","Lalaloopsy"
"185320100","The Marine 3 Homefront","The Marine"
"185620100","Dabangg 2","Dabangg"
"185670100","Disney Planes","Planes"
"186200100","Tyler Perry's A Madea Christmas","Madea"
"186210100","Pirates of the Caribbean: Dead Men Tell No Tales","Pirates of the Caribbean"
"186230100","Muppets Most Wanted","Muppets"
"186460100","Superman: Unbound","DC Animated Movie Universe"
"187160100","2013 Oscar Shorts","Academy Award Short Film Nominations"
"187200100","Jolly LLB","Jolly LLB"
"187380100","The Maze Runner","The Maze Runner"
"187390100","Night at the Museum: Secret of the Tomb","Night at the Museum"
"187510100","Before Midnight","Before Sunrise"
"187590100","Ren zai jiong tu zhi tai jiong","Ren zai jiong tu Tai jiong"
"187610100","Nymphomaniac: Volume I","Nymphomaniac"
"187930100","Evangelion Shin Gekijôban: Kyu","Evangelion"
"188030100","Rio 2","Rio"
"188040100","Teenage Mutant Ninja Turtles","Teenage Mutant Ninja Turtles"
"188050100","Barbie in the Pink Shoes","Barbie"
"188190100","Si da ming bu","Si da ming bu"
"188680100","Resident Evil: The Final Chapter","Resident Evil"
"188760100","Always 3 Chome no yuhi '64 3","Always"
"188860100","Ivan Tsarevich i Seryy Volk","Ivan Tsarevich i Seryy Volk"
"189240100","Cold War","Cold War"
"189380100","V/H/S 2","V/H/S"
"189610100","Kingsman: The Secret Service","Kingsman"
"189700100","Tai Chi Hero","Tai Chi Zero"
"189810100","Finding Dory","Finding Nemo"
"189890100","Doragon B?ru Zetto Kami to Kami","Dragon Ball Z"
"190170100","Think Like a Man Too","Think Like a Man"
"190180100","The Secret Life of Pets","The Secret Life of Pets"
"190810100","The Nut Job","The Nut Job"
"190820100","Furious 7","Fast and the Furious"
"191190100","22 Jump Street","21 Jump Street"
"191390100","Super Buddies","Air Bud"
"191390100","Super Buddies","Air Buddies"
"191420100","The Act of Killing","The Act of Killing"
"191920100","Top Cat","Top Cat"
"191950100","A Haunted House 2","A Haunted House"
"192320100","The Angry Birds Movie","The Angry Birds Movie"
"192640100","Justice League: The Flashpoint Paradox","DC Animated Movie Universe"
"192800100","Fukrey","Fukrey"
"192930100","Curse of Chucky","Child's Play"
"193110100","Alvin and the Chipmunks: The Road Chip","Alvin and the Chipmunks"
"193480100","Planes: Fire and Rescue","Planes"
"193500100","The Expendables 3","The Expendables"
"193640100","Dolphin Tale 2","Dolphin Tale"
"193710100","Bad Ass 2: Bad Asses","Bad Ass"
"193720100","Independence Day: Resurgence","Independence Day"
"193750100","Somm","Somm"
"194070100","Fifty Shades of Grey","Fifty Shades of Grey"
"194140100","Terminator: Genisys","Terminator"
"194560100","Unbroken","Unbroken"
"194570100","Spectre","James Bond"
"194760100","Jackass Presents: Bad Grandpa","Jackass"
"194760100","Jackass Presents: Bad Grandpa","Bad Grandpa"
"195160100","Herb & Dorothy 50X50","Herb and Dorothy"
"195270100","Teen Beach Movie","Teen Beach Movie"
"195670100","My Little Pony: Equestria Girls","My Little Pony"
"195890100","Yip Man: Jung gik yat jin","Ip Man"
"195940100","Neighbors","Neighbors"
"196060100","I Spit on Your Grave 2","I Spit on Your Grave"
"196100100","Generation Iron","Generation Iron"
"196190100","Paranormal Activity: The Marked Ones","Paranormal Activity"
"196200100","Ted 2","Ted"
"196380100","Batman v Superman: Dawn of Justice","Man of Steel"
"196380100","Batman v Superman: Dawn of Justice","Superman"
"196380100","Batman v Superman: Dawn of Justice","Batman"
"196380100","Batman v Superman: Dawn of Justice","DC Extended Universe"
"196530100","Barbie Mariposa and the Fairy Princess","Barbie"
"196820100","Sharknado","Sharknado"
"197340100","Paddington","Paddington"
"197890100","Autoreiji: Biyondo","Outrage"
"198210100","Horrible Bosses 2","Horrible Bosses"
"198400100","Snezhnaya koroleva","Snezhnaya koroleva"
"198500100","Dhoom 3","Dhoom"
"198520100","Di Renjie zhi shendu longwang","Detective Dee"
"198700100","Pororo, the Racing Adventure","Pororo"
"198960100","Alpha and Omega 2: A Howl-iday Adventure","Alpha and Omega"
"198990100","Barbie & Her Sisters in a Pony Tale","Barbie"
"199170100","Contracted","Contracted"
"199260100","Home Alone: The Holiday Heist","Home Alone"
"199580100","In the Name of the King III","In The Name of the King"
"199630100","The Swan Princess A Royal Family Tale","Swan Princess"
"199690100","Justice League: War","DC Animated Movie Universe"
"199940100","The Huntsman: Winter’s War","Snow White and the Huntsman"
"199970100","Alien: Covenant","Alien"
"200090100","Mission: Impossible—Rogue Nation","Mission: Impossible"
"200270100","Insidious Chapter 3","Insidious"
"200400100","The Purge: Anarchy","The Purge"
"200420100","Dumb and Dumber To","Dumb and Dumber"
"200450100","Alice Through the Looking Glass","Alice in Wonderland"
"200480100","Ninja II: Shadow of a Tear","Ninja"
"200730100","Nymphomaniac: Volume II","Nymphomaniac"
"200750100","X-Men: Apocalypse","X-Men"
"200870100","Jason Bourne","Bourne"
"200950100","Against the Wild","Against the Wild"
"201320100","God’s Not Dead","God's Not Dead"
"201330100","Hot Tub Time Machine 2","Hot Tub Time Machine"
"201400100","Ice Age: Collision Course","Ice Age"
"201540100","Xi you xiang mo pian","Journey to the West"
"201590100","Serbuan maut 2: Berandal","Serbuan maut"
"201620100","Step Up All In","Step Up"
"201640100","The Divergent Series: Insurgent","The Divergent Series"
"201670100","The Divergent Series: Allegiant","The Divergent Series"
"201690100","The Trip to Italy","The Trip"
"201720100","When Calls the Heart","When Calls the Heart"
"201840100","The Mummy","Dark Universe"
"202130100","Gasland Part II","Gasland"
"202190100","War for the Planet of the Apes","Planet of the Apes"
"202230100","Fack ju Göthe","Fack ju Göhte"
"202250100","Despicable Me 3","Despicable Me"
"202310100","Seal Team 8: Behind Enemy Lines","Behind Enemy Lines"
"202570100","Return to Nuke 'Em High Volume 1","Nuke 'Em High"
"202700100","Tusk","The True North Trilogy"
"202800100","Casse-tête chinois","The Spanish Apartment"
"202810100","The Nut Job 2: Nutty by Nature","The Nut Job"
"202820100","Captain America: Civil War","Captain America"
"202820100","Captain America: Civil War","Marvel Cinematic Universe"
"202830100","Avengers: Infinity War","Marvel Cinematic Universe"
"202830100","Avengers: Infinity War","Avengers"
"202840100","Captain Marvel","Marvel Cinematic Universe"
"203020100","Tiger & Bunny the Movie: The Rising","Tiger & Bunny"
"203050100","Pitch Perfect 2","Pitch Perfect"
"203150100","2014 Oscar Shorts","Academy Award Short Film Nominations"
"203430100","The Pirate Fairy","Tinker Bell"
"203590100","The Marine 4","The Marine"
"203670100","Tom yum goong 2","Tom yum goong"
"203700100","Son of Batman","DC Animated Movie Universe"
"203770100","Leprechaun: Origins","Leprechaun"
"203830100","The Invoking","The Invoking"
"204340100","The Conjuring 2: The Enfield Poltergeist","The Conjuring"
"204360100","Goosebumps","Goosebumps"
"204640100","Korengal","Restrepo"
"204700100","Barbie: The Pearl Princess","Barbie"
"204730100","Ride Along 2","Ride Along"
"204810100","Trailer Park Boys 3: Don’t Legalize It","Trailer Park Boys"
"204830100","Ai Weiwei: The Fake Case","Ai Weiwei"
"204840100","Wolf Creek 2","Wolf Creek"
"205100100","Taken 3","Taken"
"205120100","Logan","Wolverine"
"205120100","Logan","X-Men"
"205150100","Despicable Me Presents: Minion Madness","Despicable Me"
"205230100","The Second Best Exotic Marigold Hotel","Best Exotic Marigold Hotel"
"205260100","Joy Ride 3","Joy Ride"
"205460100","Beethoven's Treasure Tail","Beethoven"
"205610100","Jarhead 2: Field of Fire","Jarhead "
"205750100","Paul Blart: Mall Cop 2","Paul Blart: Mall Cop"
"205940100","Batman: Assault on Arkham","DC Animated Movie Universe"
"206440100","Magic Mike XXL","Magic Mike"
"207160100","London Has Fallen","Fallen"
"207720100","The ABC’s of Death 2","ABC's of Death"
"207790100","The Dead 2","The Dead"
"207980100","Cabin Fever: Patient Zero","Cabin Fever"
"208000100","Ocho Apellidos Vascos","Spanish Affair"
"208190100","See No Evil 2","See No Evil"
"208280100","Jackass Presents: Bad Grandpa .5","Jackass"
"208280100","Jackass Presents: Bad Grandpa .5","Bad Grandpa"
"208330100","The Lego Ninjago Movie","Lego"
"208650100","Max","Max"
"208990100","Neighbors 2: Sorority Rising","Neighbors"
"209000100","Ouija: Origin of Evil","Ouija"
"209020100","Fantastic Beasts and Where to Find Them","Harry Potter"
"209020100","Fantastic Beasts and Where to Find Them","Fantastic Beasts and Where to Find Them"
"209040100","Rogue One: A Star Wars Story","Star Wars"
"209180100","Conte d’été","Seasons Quartet"
"209280100","Sniper: Legacy","Sniper"
"209320100","The Boss Baby","The Boss Baby"
"209330100","Hitman: Agent 47","Hitman: Agent 47"
"210270100","Pacific Rim: Uprising","Pacific Rim"
"210770100","Annabelle","The Conjuring"
"210770100","Annabelle","Annabelle"
"211000100","Antboy II: Den Røde Furies hævn","Antboy"
"211100100","Atlas Shrugged: Who Is John Galt?","Atlas Shrugged"
"211230100","Dod Sno 2","Dod sno"
"211270100","Sinister 2","Sinister"
"211350100","The Look of Silence","The Act of Killing"
"211440100","Guardians of the Galaxy Vol 2","Marvel Cinematic Universe"
"211440100","Guardians of the Galaxy Vol 2","Guardians of the Galaxy"
"211450100","Kong: Skull Island","King Kong"
"211450100","Kong: Skull Island","MonsterVerse"
"211720100","[REC] 4: Apocalypse","[REC]"
"212130100","Sharknado 2","Sharknado"
"212210100","Aa Gaye Munde U.K. De","Munde U.K. De"
"212230100","On Any Sunday: The Next Chapter","On Any Sunday"
"212360100","Kickboxer: Vengeance","Kickboxer"
"212410100","Singham Returns","Singham"
"212530100","John Wick","John Wick"
"212550100","The Inbetweeners 2","The Inbetweeners"
"212620100","Wrong Turn 6: Last Resort","Wrong Turn"
"212770100","Power Rangers","Power Rangers"
"212900100","Godzilla: King of the Monsters","Godzilla"
"212900100","Godzilla: King of the Monsters","MonsterVerse"
"213050100","V/H/S: Viral","V/H/S"
"213080100","Justice League","DC Extended Universe"
"213100100","Aquaman","DC Extended Universe"
"213240100","Yoga Hosers","The True North Trilogy"
"213560100","The Transporter Refueled","Transporter"
"213710100","Vacation","National Lampoon's Vacation"
"214470100","Teenage Mutant Ninja Turtles: Out of the Shadows","Teenage Mutant Ninja Turtles"
"215110100","Now You See Me 2","Now You See Me"
"215230100","Justice League: Throne of Atlantis","DC Animated Movie Universe"
"215380100","The Woman in Black 2: Angel of Death","The Woman in Black"
"215480100","The Pact 2","The Pact"
"215980100","Suicide Squad","DC Extended Universe"
"215990100","Maze Runner: The Scorch Trials","The Maze Runner"
"216040100","Shingeki no kyojin: Guren no yumiya","Attack on Titan"
"216100100","Bad Asses On The Bayou","Bad Ass"
"216350100","Ripley's Game","Ripley"
"216400100","Crouching Tiger, Hidden Dragon: Sword of Destiny","Crouching Tiger, Hidden Dragon"
"216800100","Green Street Hooligans: Underground","Greenstreet Hooligans"
"217020100","Snezhnaya koroleva 2","Snezhnaya koroleva"
"217170100","The Lego Batman Movie","Lego"
"217170100","The Lego Batman Movie","Batman"
"217180100","Joe Dirt 2: Beautiful Loser","Joe Dirt"
"217440100","Scorpion King 4: Quest for Power","Scorpion King"
"217970100","Avengers: Endgame","Marvel Cinematic Universe"
"217970100","Avengers: Endgame","Avengers"
"218370100","Tinker Bell and the Legend of the Neverbeast","Tinker Bell"
"218470100","Doctor Strange","Marvel Cinematic Universe"
"218480100","Thor: Ragnarok","Thor"
"218480100","Thor: Ragnarok","Marvel Cinematic Universe"
"218480100","Thor: Ragnarok","Hulk"
"218680100","Toy Story 4","Toy Story"
"218720100","Unfriended","Unfriended"
"219050100","My Big Fat Greek Wedding 2","My Big Fat Greek Wedding"
"219820100","Dragonheart 3: The Sorcerers Curse","Dragonheart"
"219840100","Hayride 2","Hayride"
"219860100","The Man with the Iron Fists 2","The Man With The Iron Fists"
"220230100","Mechanic: Resurrection","The Mechanic"
"220600100","Batman vs. Robin","DC Animated Movie Universe"
"220970100","Shaun the Sheep","Shaun the Sheep"
"221760100","The Purge: Election Year","The Purge"
"221790100","Sing","Sing"
"222170100","2015 Oscar Shorts","Academy Award Short Film Nominations"
"222940100","Rings","Ring"
"222960100","Star Trek Beyond","Star Trek"
"222990100","Fantastic Beasts: The Crimes of Grindelwald","Harry Potter"
"222990100","Fantastic Beasts: The Crimes of Grindelwald","Fantastic Beasts and Where to Find Them"
"223080100","Star Wars Ep. VIII: The Last Jedi","Star Wars"
"223090100","Star Wars: The Rise of Skywalker","Star Wars"
"223740100","LEGO: DC Comics Super Heroes: Justice League vs. Bizarro League","Lego"
"223840100","Sicario","Sicario"
"224130100","Creed","Rocky"
"224140100","Spider-Man: Homecoming","Spider-Man"
"224140100","Spider-Man: Homecoming","Marvel Cinematic Universe"
"224380100","Justice League: Gods and Monsters","Justice League"
"224380100","Justice League: Gods and Monsters","DC Animated Movie Universe"
"225000100","Blade Runner 2049","Blade Runner"
"225280100","Barbie in Princess Power","Barbie"
"225290100","Jillian Michaels: Killer Body","Jillian Michaels Fitness"
"225370100","Monsters: Dark Continent","Monsters"
"225840100","The Boy","The Boy"
"225960100","WolfCop","Wolfcop"
"226030100","Monster High: Haunted","Monster High"
"226230100","Dumbo","Dumbo"
"226520100","Incredibles 2","The Incredibles"
"226540100","Frozen II","Frozen"
"226920100","When Love Happens","When Love Happens"
"227490100","Yip Man 3","Ip Man"
"227760100","Belle et Sebastien","Belle et Sebastien"
"227910100","Curious George 3: Back to the Jungle","Curious George"
"228090100","Ladrones","Ladron que roba a ladron"
"229010100","The Human Centipede 3 (Final Sequence)","The Human Centipede"
"229120100","Maze Runner: The Death Cure","The Maze Runner"
"229310100","The LEGO Movie 2: The Second Part","Lego"
"229420100","Spider-Man: Into The Spider-Verse 3D","Spider-Man"
"229480100","Fifty Shades Darker","Fifty Shades of Grey"
"229530100","Jing cha ju shi 2013","Police Story"
"229550100","The Fate of the Furious","Fast and the Furious"
"229560100","Fifty Shades Freed","Fifty Shades of Grey"
"229680100","Batman Unlimited: Animal Instincts","Batman"
"229720100","Kisejuu: Part 1","Kiseijuu"
"230320100","Buena Vista Social Club—Adios","Buena Vista Social Club"
"230410100","John Wick: Chapter Two","John Wick"
"230440100","A Few Best Men","A Few Best Men"
"230490100","Bad Moms","Bad Moms"
"230940100","Pather Panchali","Apu Trilogy"
"230970100","Tanu Weds Manu Returns","Tanu Weds Manu"
"231020100","Barbershop: The Next Cut","Barbershop"
"231030100","10 Cloverfield Lane","Cloverfield"
"232130100","Underworld: Blood Wars","Underworld"
"232340100","Goon: Last of the Enforcers","Goon"
"232350100","Daddy’s Home","Daddy’s Home"
"232600100","Contracted 2","Contracted"
"232870100","Don’t Breathe","Don’t Breathe"
"233640100","An American Girl: Grace Stirs Up Success","American Girl"
"234160100","Xiong Chu Mei Zhi Xue Ling Xiong Feng","Boonie Bears"
"234700100","ABCD 2","ABCD"
"234710100","Pitch Perfect 3","Pitch Perfect"
"234800100","Xiao shi dai 3","Tiny Times"
"234850100","Ao men feng yun","The Man From Macau"
"235080100","Murder on the Orient Express","Kenneth Branagh's Hercule Poirot"
"235190100","Split","Unbreakable"
"235200100","The Equalizer 2","The Equalizer"
"235340100","Teen Beach Movie 2","Teen Beach Movie"
"235350100","When Calls The Heart: Heart and Soul","When Calls the Heart"
"235360100","Tom and Jerry: Spy Quest","Tom and Jerry"
"235600100","Tremors 5: Bloodlines","Tremors"
"235640100","Monster High: Scaris, City of Frights","Monster High"
"235650100","Descendants","Descendants"
"236430100","Solo: A Star Wars Story","Star Wars"
"236550100","Doragon bôru Z: Fukkatsu no 'F'","Dragon Ball Z"
"236630100","Baahubali: The Beginning","Baahubali"
"236970100","Zhuo yao ji","Zhuo yao ji (Monster Hunt)"
"237310100","Mother’s Day","Garry Marshall's Holiday Franchise"
"237380100","Jurassic World: Fallen Kingdom","Jurassic Park"
"237560100","Kiseijuu: Kanketsuhen","Kiseijuu"
"237740100","Shaft","Shaft"
"237920100","Alpha and Omega: Family Vacation","Alpha and Omega"
"237930100","Lake Placid vs. Anaconda","Lake Placid"
"238090100","Belle et Sébastien, l'aventure continue","Belle et Sebastien"
"238230100","Jumanji: Welcome to the Jungle","Jumanji"
"238240100","Bad Boys For Life","Bad Boys"
"238450100","Lego DC Super Heroes: Justice League - Attack of the Legion of Doom!","Lego"
"239070100","Barbie in Rock'n Royals","Barbie"
"239110100","Scoob!","Scooby-Doo"
"239140100","The Condemned 2","The Condemned"
"239650100","Gang jiong","Ren zai jiong tu Tai jiong"
"239780100","Thomas & Friends: Sodor's Legend of the Lost Treasure","Thomas and Friends"
"239930100","Alpha & Omega: The Legend of the Saw Tooth Cave","Alpha and Omega"
"240520100","Jack Reacher: Never Go Back","Jack Reacher"
"241120100","God’s Not Dead 2","God's Not Dead"
"241140100","Jeepers Creepers 3","Jeepers Creepers"
"241430100","Torrente 5. Operación Eurovegas","Torrente"
"241500100","Mary Poppins Returns","Mary Poppins"
"241570100","Gangster Ka","Gangster Ka"
"241590100","Charlie’s Angels","Charlie's Angels"
"241740100","Bølgen","Bølgen"
"241940100","Doraemon: Nobita and the Space Heroes","Doraemon"
"242220100","Fack ju Gohte 2","Fack ju Göhte"
"242430100","Paw Patrol: Meet Everest","Paw Patrol"
"242450100","Shingeki no kyojin","Attack on Titan"
"242470100","Shingeki no kyojin endo obu za wârudo","Attack on Titan"
"242690100","Monster High: Boo York, Boo York","Monster High"
"242780100","Klovn Forever","Klovn"
"242810100","T2: Trainspotting","Trainspotting"
"242830100","Batman Bad: Blood","Batman"
"242830100","Batman Bad: Blood","DC Animated Movie Universe"
"243120100","Kingsman: The Golden Circle","Kingsman"
"243180100","My Little Pony Equestria Girls: Friendship Games","My Little Pony"
"243290100","I Spit on Your Grave 3","I Spit on Your Grave"
"243420100","Sharknado 3: Oh Hell No!","Sharknado"
"243630100","Jarhead 3: The Siege","Jarhead "
"243820100","Cars 3","Cars"
"243840100","Ant-Man and the Wasp","Ant-Man"
"243840100","Ant-Man and the Wasp","Marvel Cinematic Universe"
"244180100","Boruto: Naruto the Movie","Gekijo ban Naruto"
"244190100","MSG: The Messenger of God","MSG The Messenger of God"
"244470100","Justice League vs Teen Titans","Justice League"
"244470100","Justice League vs Teen Titans","DC Animated Movie Universe"
"244520100","Kidulthood","Kidulthood"
"244670100","The Secret Life of Pets 2","The Secret Life of Pets"
"244750100","A Dog’s Purpose","A Dog’s Purpose"
"245840100","Mortadelo y Filemón contra Jimmy el Cachondo","Mortadelo y Filemon"
"245890100","Super Troopers 2","Super Troopers"
"245900100","Barbie & Her Sisters in The Great Puppy Adventure","Barbie"
"246170100","Qian Ren 2?Bei Tai Fan Ji Zhan","Ex Files"
"246450100","Bad Santa 2","Bad Santa"
"246610100","The Hitman’s Bodyguard","The Hitman’s Bodguard"
"246660100","MSG 2: The Messenger","MSG The Messenger of God"
"246920100","Don Gato, el inicio de la pandilla","Top Cat"
"247340100","The SpongeBob Movie: Sponge on the Run","SpongeBob SquarePants"
"247590100","Pokémon the Movie XY: Ring no Chomajin Hoopa","Pokemon"
"247880100","The Land Before Time XIV: Journey of the Brave","The Land Before Time"
"247890100","Open Season Scared Silly","Open Season"
"248110100","Ocho apellidos catalanes","Spanish Affair"
"248360100","As Mil e Uma Noites: Volume 1, O Inquieto","As Mil e Uma Noites"
"248680100","Mission: Impossible—Fallout","Mission: Impossible"
"248780100","Gangster Ka 2","Gangster Ka"
"248830100","As Mil e Uma Noites: Volume 2, O Desolado","As Mil e Uma Noites"
"248840100","As Mil e Uma Noites: Volume 3, O Encantado","As Mil e Uma Noites"
"248910100","Power Rangers The Train Force VS Dino Force THE MOVIE","Power Rangers"
"249870100","Nativity 2: Danger in the Manger!","Nativity"
"249880100","Nativity 3: Dude, Where's My Donkey?","Nativity"
"249910100","Rise of the Footsoldier Part II","Rise of the Footsoldier"
"250050100","2016 Oscar Shorts","Academy Award Short Film Nominations"
"250190100","Vacanze ai Caraibi - Il film di Natale","Vacanze"
"250890100","Tang ren jie tan an","Detective Chinatown"
"251020100","Kocan Kadar Konus Dirilis","Kocan Kadar Konus"
"251050100","The Snowman","The Snowman"
"251060100","Sherlock Gnomes","Gnomeo and Juliet"
"251070100","Hotel Transylvania 3: Summer Vacation","Hotel Transylvania"
"251420100","Crayon Shin-chan: My Moving Story","Crayon Shin Chan"
"251600100","Ivan Tsarevich i Seryy Volk 3","Ivan Tsarevich i Seryy Volk"
"251820100","Boonie Bears III","Boonie Bears"
"252130100","All Hallow’s Eve 2","All Hallows Eve"
"252340100","Xi You Ji zhi Sun Wu Kong San Da Bai Gu Jing","The Monkey King"
"253760100","Boonie Bears to the Rescue","Boonie Bears"
"253800100","The Predator","Predator"
"253850100","Lego DC Super Heroes: Justice League - Cosmic Clash","Lego"
"254570100","Tyler Perry’s Boo! A Madea Halloween","Madea"
"255340100","Annabelle: Creation","The Conjuring"
"255340100","Annabelle: Creation","Annabelle"
"256340100","Tomb Raider","Lara Croft"
"256980100","Boyka: Undisputed","Undisputed"
"257560100","Baaghi","Baaghi"
"257710100","Maleficent: Mistress of Evil","Maleficent"
"257910100","Batman: The Killing Joke","Batman"
"257910100","Batman: The Killing Joke","DC Animated Movie Universe"
"258830100","Deadpool 2","Deadpool"
"258830100","Deadpool 2","X-Men"
"260260100","A Cinderella Story: If the Shoe Fits","A Cinderella Story"
"261510100","LEGO DC Super Heroes: Justice League-Gotham City Breakout","Lego"
"261940100","Shaun The Sheep: The Farmer's Llamas","Shaun the Sheep"
"263100100","Cold War 2","Cold War"
"263250100","Glass","Unbreakable"
"263260100","Trolls: World Tour","Trolls"
"263300100","Transformers: The Last Knight","Transformers"
"263640100","The New Mutants","X-Men"
"263730100","Ralph Breaks The Internet","Wreck-It Ralph"
"264140100","Busanhaeng","Train to Busan"
"264240100","No Manches Frida","No Manches Frida"
"264790100","Flatliners","Flatliners"
"264810100","It","It"
"264840100","Insidious: The Last Key","Insidious"
"264880100","Peter Rabbit","Peter Rabbit"
"264930100","Bumblebee","Transformers"
"264970100","Halloween","Halloween"
"265280100","Jigsaw","Saw"
"265480100","Ocean’s 8","Ocean's Eleven"
"265500100","Blair Witch","Blair Witch Project"
"265560100","47 Meters Down","47 Meters Down"
"265830100","Eiga Doraemon: Shin Nobita no Nippon tanjou","Doraemon"
"265900100","Pororo3 : Cyber Space Adventure","Pororo"
"266350100","Eiga Youkai wocchi: Enma daiou to 5-tsu no monogataridanyan!","Yokai Watch"
"266780100","Shin Godjira","Godzilla"
"266810100","Diary of a Wimpy Kid: The Long Haul","Diary of a Wimpy Kid"
"267880100","Throne of Elves","Dragons Nest"
"267990100","Interrogation","Action Six Pack"
"268260100","Barbie: Star Light Adventure","Barbie"
"269000100","Center Stage: On Pointe","Center Stage"
"270500100","Azem 4: Alacakaranl?k","azem"
"270570100","Chibi Maruko Chan – A Boy From Italy","Maruko"
"271130100","King of Prism by Pretty Rhythm","King of Prism"
"271390100","Barbie & Her Sisters in a Puppy Chase","Barbie"
"271550100","Justice League: Dark","DC Animated Movie Universe"
"272170100","Max 2: White House Hero","Max"
"272720100","The Harry Potter IMAX Marathon","Harry Potter"
"273160100","Shopkins: Chef Club","Shopkins"
"273770100","The Jesus Rolls","Big Lebowski"
"274250100","Smetto Quando Voglio","Smetto Quando Voglio"
"275280100","Doctor Who: The Power of the Daleks","Doctor Who"
"275560100","Desu nôto: Light Up the New World","Desu Noto"
"276200100","Beyond Skyline","Skyline"
"276400100","Dark Phoenix","X-Men"
"277300100","Xi You Fu Yao Pian","Journey to the West"
"277680100","Spider-Man: Far From Home","Spider-Man"
"277680100","Spider-Man: Far From Home","Marvel Cinematic Universe"
"278550100","Bigger, Fatter Liar","Big Fat Liar"
"278830100","A Bad Moms Christmas","Bad Moms"
"279720100","Swan Princess: Royally Undercover","Swan Princess"
"280190100","Goosebumps 2: Haunted Halloween","Goosebumps"
"280240100","Boonie Bears: Entangled Worlds","Boonie Bears"
"280360100","An Inconvenient Sequel","An Inconvenient Truth"
"280430100","Stake Land 2","Stake Land"
"280970100","Daddy’s Home 2","Daddy’s Home"
"281800100","Smetto Quando Voglio - Masterclass","Smetto Quando Voglio"
"281900100","Jolly LLB 2","Jolly LLB"
"282050100","2017 Oscar Shorts","Academy Award Short Film Nominations"
"282550100","Meitantei Conan: Epis?do Wan - Chiisakunatta Meitantei","Meitantei Conan"
"282620100","Teen Titans: The Judas Contract","DC Animated Movie Universe"
"282710100","The First Purge","The Purge"
"282780100","The Nun","The Conjuring"
"282980100","Dragonheart: Battle for the Heartfire","Dragonheart"
"284230100","God’s Not Dead: A Light in Darkness","God's Not Dead"
"284560100","The Girl in the Spider’s Web","Millennium (English)"
"284710100","Open Water 3: Cage Dive","Open Water"
"284760100","Berlin, I Love You","Cities of Love"
"285540100","A Quiet Place","A Quiet Place"
"287700100","Batman and Harley Quinn","Batman"
"287700100","Batman and Harley Quinn","DC Animated Movie Universe"
"287870100","Happy Death Day","Happy Death Day"
"288270100","Sicario: Day of the Soldado","Sicario"
"288580100","The Lion King","The Lion King"
"288730100","The Angry Birds Movie 2","The Angry Birds Movie"
"288750100","Baahubali 2: The Conclusion","Baahubali"
"289170100","The Trip to Spain","The Trip"
"289520100","The Curse of La Llorona","The Conjuring"
"290790100","Zhuo yao ji 2","Zhuo yao ji (Monster Hunt)"
"291070100","Mamma Mia: Here We Go Again!","Mamma Mia"
"291090100","The Souvenir","Souvenir"
"291980100","Tyler Perry’s Boo 2! A Madea Halloween","Madea"
"291990100","Paddington 2","Paddington"
"292740100","Eiga Doraemon: Nobita no nankyoku kachikochi daibouken","Doraemon"
"295290100","Tyler Perry’s A Madea Family Funeral","Madea"
"296320100","Boonie Bears: Homeward Journey","Boonie Bears"
"296770100","Cult of Chucky","Child's Play"
"296790100","Kickboxer: Retaliation","Kickboxer"
"299210100","True to the Game","True to the Game"
"299230100","Wonder Woman 1984","Wonder Woman"
"299230100","Wonder Woman 1984","DC Extended Universe"
"300020100","Pup Star: Better 2Gether","Air Bud"
"300800100","I Can Only Imagine","I Can Only Imagine"
"302140100","Ostwind - Aufbruch nach Ora","Windstorm"
"302460100","Bring it On: Worldwide #Cheersmack","Bring It On"
"303290100","Descendants 2","Descendants"
"303640100","Another Wolfcop","Wolfcop"
"303910100","Hellboy","Hellboy"
"304740100","The Croods: A New Age","The Croods"
"304900100","Boonie Bears : Robo Rumble","Boonie Bears"
"305650100","It: Chapter Two","It"
"305680100","Terminator: Dark Fate","Terminator"
"305870100","Men in Black: International","Men in Black"
"306820100","Fast & Furious Presents: Hobbs & Shaw","Fast and the Furious"
"307080100","Shopkins: World Vacation","Shopkins"
"307400100","Creed II","Rocky"
"307630100","The Strangers: Prey at Night","The Strangers"
"307870100","Lighting Dindin","Lighting Dindin"
"309250100","Seung Joi Nei Jor Yau","Troublesome Night"
"309260100","Fack ju Göhte 3","Fack ju Göhte"
"309420100","47 Meters Down: Uncaged","47 Meters Down"
"309740100","Batman: Gotham By Gaslight","DC Animated Movie Universe"
"310360100","Gekijouban Poketto monsutâ: Kimi ni kimeta!","Pokemon"
"311390100","D?butsu Sentai J??j? Tai Ninninj? Mirai kara no Mess?ji Furomu S?p? Sentai","Power Rangers"
"312440100","John Wick: Chapter 3 — Parabellum","John Wick"
"313340100","Smetto quando voglio - Ad Honorem","Smetto Quando Voglio"
"313800100","Deep Blue Sea 2","Deep Blue Sea"
"313880100","Fukrey Returns","Fukrey"
"313890100","Sonic The Hedgehog","Sonic The Hedgehog"
"313940100","Pet Sematary","Pet Sematary"
"313990100","Pororo, Dinosaur Island Adventure","Pororo"
"314350100","Pokémon: Detective Pikachu","Pokemon"
"315240100","PriPara the Movie: Everyone's Longing Let's Go PriPari","Pripara"
"315270100","Qian Ren 3: Yan Zhi Da Zuo Zhan","Ex Files"
"315460100","The Wedding Party 2: Destination Dubai","The Wedding Party"
"315490100","Suicide Squad: Hell to Pay","DC Animated Movie Universe"
"315580100","Johnny English Strikes Again","Johnny English"
"317610100","Xiong Chu Mei Zhi Bian Xing Ji","Boonie Bears"
"317720100","2018 Oscar Shorts","Academy Award Short Film Nominations"
"317790100","Victor Crowley","Hatchet"
"318050100","Joseon Myungtamjung: Heubhyeolgwimaui Bimil","Detective K"
"318280100","Pup Star","Air Bud"
"318330100","The Cloverfield Paradox","Cloverfield"
"318470100","Tang Ren Jie Tan An 2","Detective Chinatown"
"318960100","Hellraiser: Judgment","Hellraiser"
"319300100","Belle et Sébastien 3, le Dernier Chapitre","Belle et Sebastien"
"319470100","Gui Mi 2","Girls (China)"
"319820100","Unbroken: Path to Redemption","Unbroken"
"320250100","Baaghi 2","Baaghi"
"320660100","Daphne & Velma","Scooby-Doo"
"321190100","Shopkins Wild","Shopkins"
"321710100","Best F(r)iends: Volume One","Best F(r)iends"
"322590100","Children of the Corn: Runaway","Children of the Corn"
"324160100","Angel Has Fallen","Fallen"
"326380100","Escape Plan 2: Hades","Escape Plan"
"326760100","Taxi 5","Taxi"
"326890100","The Grudge","Grudge"
"327170100","Unfriended: Dark Web","Unfriended"
"328620100","Jumanji: The Next Level","Jumanji"
"329710100","Tremors: A Cold Day in Hell","Tremors"
"329940100","The Death of Superman","DC Animated Movie Universe"
"330040100","Happy Death Day 2U","Happy Death Day"
"330220100","A Dog’s Journey","A Dog’s Purpose"
"331190100","Bill & Ted Face the Music","Bill & Ted"
"333210100","Doctor Sleep","The Shining"
"333710100","3 From Hell","The Devil’s Rejects"
"335440100","The Debt Collector","Debt Collector"
"341200100","Di Ren Jie Zhi Si Da Tian Wang","Detective Dee"
"342950100","I am Vengeance","I Am Vengeance"
"344270100","Child’s Play","Child's Play"
"345740100","Joker","Batman"
"346590100","Dragon Ball Super: Broly","Dragon Ball Z"
"352830100","Boku no Hero Academia the Movie","My Hero Academia"
"355470100","Reign of the Supermen","DC Animated Movie Universe"
"362900100","Du Cheng Feng Yun 2","The Man From Macau"
"363600100","Gekijô-ban poketto monsutâ: Adobansu jenerêshon pokemon renjâ to umi no ôji manafi","Pokemon"
"364180100","Downton Abbey","Downton Abbey"
"365730100","Gekijô-ban Naruto: Daikôfun! Mikazukijima no animaru panikku dattebayo!","Gekijo ban Naruto"
"368910100","Birds of Prey (And the Fantabulous Emancipation of One Harley Quinn)","DC Extended Universe"
"369130100","Lego DC Super Heroes: Aquaman—Rage of Atlantis","Lego"
"371270100","Annabelle Comes Home","Annabelle"
"371270100","Annabelle Comes Home","The Conjuring"
"371730100","Knives Out","Knives Out"
"373230100","Scorpion King: Book of Souls","Scorpion King"
"373630100","Shaun the Sheep Movie: Farmageddon","Shaun the Sheep"
"374260100","Benchwarmers 2: Breaking Balls","Benchwarmers"
"375000100","No Manches Frida 2","No Manches Frida"
"375660100","Brahms: The Boy II","The Boy"
"378070100","Justice League vs. The Fatal Five","DC Animated Movie Universe"
"378110100","Skjelvet","Bølgen"
"387360100","Lord Of The Rings Trilogy","Peter Jackson's Lord of the Rings"
"387890100","Ye Wen hui chuan: Zhang Tianzhi","Ip Man"
"388990100","The Snowman and the Snowdog","The Snowman"
"389150100","Norm of the North: Keys to the Kingdom","Norm of the North"
"389710100","Backdraft II","Backdraft"
"391150100","Yolki Posledniye","Yolki"
"391390100","Olaf’s Frozen Adventure","Frozen"
"391450100","Der kleine Drache Kokosnuss - Auf in den Dschungel!","Coconut the Little Dragon"
"393410100","Boonie Bears: Blast Into The Past","Boonie Bears"
"393780100","Total Dhamaal","Dhamaal"
"394160100","Jay and Silent Bob Reboot","View Askewniverse"
"394520100","2019 Oscar Shorts","Academy Award Short Film Nominations"
"396200100","I Still Believe","I Can Only Imagine"
"396770100","Exhibition on Screen: Young Picasso","exhibition on screen"
"398620100","Signed, Sealed, Delivered: The Road Less Traveled","Signed, Sealed, Delivered"
"398660100","Batman: Hush","DC Animated Movie Universe"
"398940100","Rambo: Last Blood","Rambo"
"405320100","Tanguy, le retour","Tanguy"
"405390100","Kimetsu no Yaiba","Demon Slayer - Kimetsu no Yaiba"
"405690100","Critters Attack!","Critters"
"406370100","Student of the Year 2","Student of the Year"
"407000100","Wonder Woman: Bloodlines","DC Animated Movie Universe"
"407410100","Bbororo Geukjangpan Bomulseom Daemoheom","Pororo"
"415440100","Cirque du Soleil: KURIOS - Cabinet Of Curiosities","Cirque du Soleil"
"417000100","Escape Plan: The Extractors","Escape Plan"
"419430100","Gekijô-ban poketto monsutâ - Myûtsû no gyakushû Evolution","Pokemon"
"419690100","Descendants 3","Descendants"
"419990100","Tales from Sanctuary City: Daisy Quokka, World’s Scariest Animal","Tales From Sanctuary City"
"427770100","Thomas and Friends: Digs and Discoveries","Thomas and Friends"
"433600100","A Godwink Christmas","A Godwink Christmas"
"435800100","Yip Man 4","Ip Man"
"436280100","Wrong Turn","Wrong Turn"
"436370100","The Trip to Greece","The Trip"
"437450100","Dabangg 3","Dabangg"
"438660100","Justice League Dark: Apokolips War","DC Animated Movie Universe"
"438660100","Justice League Dark: Apokolips War","Justice League"
"438670100","Superman: Red Son","DC Animated Movie Universe"
"438780100","63 Up","7 Up"
"440460100","Lupin III: The First","Lupin III"
"441400100","2020 Oscar Shorts","Academy Award Short Film Nominations"
"442180100","Boku no H?r? Akademia The Movie H?r?zu: Raijingu","My Hero Academia"
"443450100","Ivan Tsarevich i Seryy Volk 4","Ivan Tsarevich i Seryy Volk"
"444490100","Jiang Ziya","Fengshen Cinematic Universe"
"444890100","Tang Ren Jie Tan An 3","Detective Chinatown"
"445140100","Digimon Adventure: Last Evolution Kizuna","Digimon"
"446320100","Exhibition On Screen: Lucian Freud - A Self Portrait 2020","exhibition on screen"
"449350100","Baaghi 3","Baaghi"
"449900100","Kaptein Sabeltann og den magiske diamant","Captain Sabertooth"
"449980100","Bhoot: Part One — The Haunted Ship","Bhoot"
"451330100","Ban-do","Train to Busan"
"451780100","After We Collided","After"
"452850100","Mortal Kombat Legends: Scorpions’s Revenge","Mortal Kombat"
"453800100","True to the Game 2: Gena’s Story","True to the Game"
"458390100","Superman: Man of Tomorrow","Superman"
"458390100","Superman: Man of Tomorrow","DC Extended Universe"
"459820100","Deep Blue Sea 3","Deep Blue Sea"
"462900100","Cats & Dogs 3: Paws Unite!","Cats and Dogs"
"464470100","Deathstroke: Knights & Dragons","DC Extended Universe"
"468610100","Aliens Stole My Body","Rod Allbright Alien Adventures"
"469020100","Happy Halloween, Scooby-Doo!","Scooby-Doo"
"469210100","Tremors: Shrieker Island","Tremors"
"469460100","Padre no hay más que uno 2: La llegada de la suegra","Father There is Only One"
"470020100","Gekijôban Urutoraman Ginga S: Kessen! Urutora 10 yûshi!","Ultraman"
"472620100","Cin Bebek 2","Cin Bebek"
"476380100","The Craft: Legacy","The Craft"
"476680100","Tarapaty 2","Tarapaty"
"477000100","Zong Shi Ye Wen","Ip Man"
"478610100","Kimetsu no Yaiba: Mugen Ressha-Hen","Demon Slayer - Kimetsu no Yaiba"
"490660100","Toy Story That Time Forgot","Toy Story"
"491320100","Howard Lovecraft & the Undersea Kingdom","Howard Lovecraft"
"492470100","Um Tio Quase Perfeito 2","A Near Perfect Uncle"
